,date,open,high,low,close,volume,average,barCount
0,2020-06-19,88.64,89.14,86.29,87.43,149979992.0,87.72725,192405
1,2020-06-22,87.85,89.86,87.79,89.72,100898184.0,89.103,121428
2,2020-06-23,90.98,93.1,90.57,91.63,164313556.0,91.96175,188119
3,2020-06-24,91.26,92.2,89.63,90.02,146757504.0,90.6075,172973
4,2020-06-25,90.19,91.25,89.39,91.21,104189012.0,90.428,127611
5,2020-06-26,91.11,91.33,88.26,88.41,132019512.0,89.519,164141
6,2020-06-29,88.33,90.55,87.82,90.45,94260796.0,89.5935,120259
7,2020-06-30,90.02,91.5,90.0,91.2,92179264.0,90.92975,117332
8,2020-07-01,91.26,91.84,90.98,91.03,81112620.0,91.46375,105168
9,2020-07-02,91.95,92.62,90.91,91.03,80835204.0,91.84925,100996
10,2020-07-06,92.5,93.95,92.47,93.46,83141684.0,93.34425,104486
11,2020-07-07,93.87,94.66,93.06,93.17,77791224.0,94.03475,98613
12,2020-07-08,94.19,95.38,94.09,95.34,82548580.0,94.83725,100876
13,2020-07-09,96.26,96.32,94.67,95.68,90951184.0,95.60225,112636
14,2020-07-10,95.23,95.98,94.71,95.92,62820576.0,95.40525,81482
15,2020-07-13,97.28,99.96,95.26,95.48,138595476.0,98.1795,167403
16,2020-07-14,94.83,97.26,93.88,97.06,117112700.0,95.73775,148914
17,2020-07-15,99.0,99.25,96.49,97.73,113107792.0,97.7785,137849
18,2020-07-16,96.53,97.41,95.91,96.52,78651564.0,96.467,101947
19,2020-07-17,96.9,97.15,95.84,96.33,63295540.0,96.50525,80306
20,2020-07-20,96.4,98.5,96.06,98.36,62180472.0,97.35425,83848
21,2020-07-21,99.17,99.25,96.74,97.0,72578796.0,97.87225,91559
22,2020-07-22,96.67,97.98,96.6,97.27,59147512.0,97.16325,79183
23,2020-07-23,97.0,97.08,92.01,92.85,134914128.0,94.12,178539
24,2020-07-24,90.95,92.97,89.16,92.61,135107576.0,91.57875,171252
25,2020-07-27,93.72,94.91,93.48,94.81,85598640.0,94.34325,108472
26,2020-07-28,94.27,94.55,93.25,93.25,64783708.0,93.8455,83363
27,2020-07-29,93.75,95.23,93.71,95.04,64116252.0,94.5495,79270
28,2020-07-30,94.19,96.3,93.77,96.19,90395252.0,95.28925,117605
29,2020-07-31,102.88,106.42,100.83,106.26,269379752.0,103.3415,329900
30,2020-08-03,108.31,111.64,107.89,108.94,229190008.0,109.71925,270268
31,2020-08-04,109.11,110.79,108.39,109.67,129587612.0,109.67275,152795
32,2020-08-05,109.4,110.39,108.9,110.06,85987684.0,109.63425,102073
33,2020-08-06,110.41,114.41,109.8,113.9,152042656.0,112.43925,165904
34,2020-08-07,113.19,113.67,110.29,111.11,138448972.0,112.0215,170963
35,2020-08-10,112.57,113.78,110.0,112.73,160479320.0,112.305,187141
36,2020-08-11,111.92,112.48,109.11,109.38,118239320.0,111.073,154412
37,2020-08-12,110.44,113.28,110.3,113.01,121743012.0,112.2285,145085
38,2020-08-13,114.44,116.04,113.93,115.01,155006908.0,114.9965,177331
39,2020-08-14,114.74,115.0,113.05,114.91,121260388.0,114.12925,146328
40,2020-08-17,116.04,116.09,113.96,114.61,79238988.0,114.85925,96650
41,2020-08-18,114.35,116.0,114.01,115.56,74222736.0,115.21325,91083
42,2020-08-19,115.99,117.16,115.61,115.71,104031276.0,116.47875,122074
43,2020-08-20,115.76,118.39,115.73,118.28,89142464.0,117.3265,109713
44,2020-08-21,119.24,124.87,119.24,124.37,252771112.0,122.65075,307801
45,2020-08-24,128.7,128.79,123.94,125.86,244685200.0,126.30125,292003
46,2020-08-25,124.69,125.18,123.05,124.83,155346908.0,124.15025,192467
47,2020-08-26,126.2,126.99,125.08,126.52,113078104.0,126.0595,143317
48,2020-08-27,127.13,127.49,123.83,125.01,106932780.0,125.6975,138397
49,2020-08-28,126.02,126.44,124.58,124.81,115643884.0,125.43325,155151
50,2020-08-31,127.61,131.0,126.0,129.04,162939208.0,129.056,700254
51,2020-09-01,132.79,134.8,130.53,134.18,116486233.0,132.815,451368
52,2020-09-02,137.6,137.97,127.0,131.4,153831702.0,131.496,623072
53,2020-09-03,126.94,128.84,120.5,120.88,188220638.0,123.712,777446
54,2020-09-04,120.14,123.7,110.89,120.96,258992035.0,117.789,1142139
55,2020-09-08,114.28,118.99,112.68,112.82,177778118.0,115.654,761468
56,2020-09-09,117.32,119.14,115.26,117.32,133929781.0,117.47,532777
57,2020-09-10,120.44,120.5,112.5,113.49,144981943.0,116.162,560545
58,2020-09-11,114.61,115.23,110.0,112.0,146557763.0,112.003,565998
59,2020-09-14,114.72,115.93,112.8,115.36,107834275.0,114.507,423569
60,2020-09-15,118.39,118.83,113.61,115.54,149435835.0,116.453,533826
61,2020-09-16,115.17,116.0,112.04,112.13,119109838.0,113.694,487148
62,2020-09-17,109.73,112.2,108.71,110.34,138758112.0,110.136,546442
63,2020-09-18,110.38,110.88,106.09,106.84,182131455.0,108.108,667469
64,2020-09-21,104.52,110.19,103.1,110.08,158793708.0,106.83,594599
65,2020-09-22,112.68,112.86,109.16,111.81,151939875.0,110.898,565256
66,2020-09-23,111.63,112.11,106.77,107.12,117118328.0,109.352,454936
67,2020-09-24,105.19,110.25,105.0,108.22,138162406.0,108.649,506501
68,2020-09-25,108.51,112.44,107.67,112.28,123192726.0,110.548,452625
69,2020-09-28,114.91,115.32,112.78,114.96,111826595.0,113.935,430610
70,2020-09-29,114.51,115.31,113.57,114.09,83437900.0,114.218,296928
71,2020-09-30,113.63,117.26,113.62,115.81,111789070.0,116.001,404927
72,2020-10-01,117.7,117.72,115.83,116.79,91962626.0,116.546,329966
73,2020-10-02,112.84,115.37,112.22,113.02,115551883.0,113.97,430034
74,2020-10-05,113.92,116.65,113.55,116.5,84228666.0,115.362,298703
75,2020-10-06,115.68,116.12,112.25,113.16,132067590.0,114.536,495292
76,2020-10-07,114.65,115.55,114.13,115.08,78305586.0,114.92,274892
77,2020-10-08,116.25,116.4,114.59,114.97,68908078.0,115.272,249262
78,2020-10-09,115.23,117.0,114.92,116.97,81140482.0,116.155,317791
79,2020-10-12,120.06,125.18,119.28,124.4,195598784.0,122.963,673680
80,2020-10-13,125.31,125.39,119.65,121.1,219691931.0,122.399,812438
81,2020-10-14,120.99,123.03,119.62,121.19,128494021.0,121.319,437056
82,2020-10-15,118.78,121.2,118.15,120.71,92645657.0,120.082,329964
83,2020-10-16,121.25,121.55,118.81,119.02,91742228.0,120.23,318514
84,2020-10-19,119.96,120.42,115.66,115.98,100110637.0,118.212,357779
85,2020-10-20,116.21,118.98,115.63,117.51,103715990.0,117.441,354242
86,2020-10-21,116.59,118.71,116.45,116.87,73583261.0,117.561,273003
87,2020-10-22,117.43,118.04,114.83,115.75,85312936.0,115.977,315201
88,2020-10-23,116.36,116.55,114.28,115.04,67961418.0,114.969,263774
89,2020-10-26,114.03,116.55,112.88,115.05,90344025.0,114.587,352253
90,2020-10-27,115.5,117.28,114.53,116.6,76005035.0,116.301,292258
91,2020-10-28,115.04,115.43,111.1,111.2,106963385.0,112.723,420001
92,2020-10-29,112.36,116.93,112.2,115.32,102207893.0,115.152,412475
93,2020-10-30,111.04,111.99,107.72,108.86,148717959.0,109.091,598881
94,2020-11-02,109.14,110.68,107.32,108.77,100210186.0,108.6,393716
95,2020-11-03,109.66,111.49,108.73,110.44,89184884.0,110.467,328449
96,2020-11-04,114.09,115.59,112.35,114.95,110103928.0,114.597,436587
97,2020-11-05,117.93,119.62,116.86,119.03,100581540.0,118.439,377347
98,2020-11-06,118.3,119.2,116.13,118.69,83742439.0,118.064,327982
99,2020-11-09,120.5,121.99,116.05,116.32,116001607.0,119.788,485539
100,2020-11-10,115.56,117.59,114.13,115.97,107926503.0,116.385,423371
101,2020-11-11,117.19,119.63,116.44,119.49,83101391.0,118.562,327683
102,2020-11-12,119.71,120.53,118.57,119.21,87206963.0,119.507,323571
103,2020-11-13,119.45,119.68,117.87,119.26,64506287.0,118.758,249494
104,2020-11-16,118.88,120.99,118.14,120.3,69438553.0,120.093,278060
105,2020-11-17,119.53,120.68,118.96,119.39,57594198.0,119.946,233898
106,2020-11-18,118.61,119.82,118.0,118.03,57289753.0,119.054,234229
107,2020-11-19,117.67,119.06,116.81,118.64,57905840.0,117.974,241475
108,2020-11-20,118.64,118.77,117.29,117.34,55882694.0,118.067,224552
109,2020-11-23,117.19,117.63,113.75,113.85,101417129.0,115.044,410764
110,2020-11-24,113.91,115.85,112.59,115.17,91087677.0,114.483,362837
111,2020-11-25,115.54,116.75,115.17,116.03,61031480.0,116.111,236773
112,2020-11-27,116.57,117.49,116.22,116.59,38173985.0,116.874,152653
113,2020-11-30,116.94,120.97,116.81,119.05,114161054.0,119.173,461546
114,2020-12-01,121.03,123.47,120.01,122.72,99980593.0,122.444,406644
115,2020-12-02,122.03,123.37,120.89,123.08,67159550.0,122.485,261031
116,2020-12-03,123.52,123.78,122.21,122.94,60281661.0,122.967,236482
117,2020-12-04,122.55,122.87,121.52,122.25,56847349.0,122.036,226565
118,2020-12-07,122.38,124.57,122.22,123.75,64876449.0,123.872,253105
119,2020-12-08,124.37,124.98,123.09,124.38,62210972.0,124.162,253679
120,2020-12-09,124.51,125.95,121.0,121.78,86484686.0,123.506,357369
121,2020-12-10,120.48,123.87,120.15,123.24,62150401.0,122.902,249861
122,2020-12-11,122.49,122.76,120.55,122.41,64656215.0,121.609,274292
123,2020-12-14,122.58,123.35,121.54,121.78,52644168.0,122.584,221116
124,2020-12-15,124.42,127.9,124.13,127.88,120793901.0,126.44,441732
125,2020-12-16,127.38,128.37,126.56,127.81,72858326.0,127.498,273040
126,2020-12-17,128.91,129.58,128.04,128.7,65084292.0,128.656,239949
127,2020-12-18,128.93,129.1,126.12,126.66,95137509.0,127.416,336264
128,2020-12-21,125.04,128.31,123.44,128.23,87399181.0,125.84,333545
129,2020-12-22,131.59,134.41,129.65,131.88,139018417.0,132.286,470813
130,2020-12-23,132.14,132.43,130.78,130.96,65524758.0,131.688,229738
131,2020-12-24,131.33,133.46,131.1,131.97,45857271.0,132.395,152060
132,2020-12-28,133.99,137.34,133.51,136.69,101045308.0,135.812,353089
133,2020-12-29,138.07,138.79,134.34,134.87,100350209.0,136.442,345514
134,2020-12-30,135.54,135.99,133.4,133.72,76992497.0,134.365,269751
135,2020-12-31,134.04,134.74,131.72,132.69,74842982.0,132.896,276304
136,2021-01-04,133.52,133.62,126.8,129.41,100655506.0,129.752,385504
137,2021-01-05,128.88,131.74,128.43,131.01,72258461.0,130.714,261586
138,2021-01-06,127.72,131.05,126.38,126.6,121591559.0,128.508,451898
139,2021-01-07,128.4,131.63,127.86,130.92,84308570.0,130.082,306995
140,2021-01-08,132.43,132.63,130.23,132.05,81404848.0,131.492,320314
141,2021-01-11,129.16,130.17,128.5,128.98,72922367.0,129.349,292575
142,2021-01-12,128.52,129.69,126.86,128.8,71925546.0,128.451,271160
143,2021-01-13,128.69,131.45,128.49,130.89,69194324.0,130.541,272479
144,2021-01-14,130.8,131.0,128.76,128.91,66726106.0,129.869,264270
145,2021-01-15,128.68,130.23,127.0,127.14,77016212.0,128.445,293130
146,2021-01-19,127.72,128.71,126.93,127.83,60967833.0,127.672,233311
147,2021-01-20,128.59,132.49,128.55,132.03,76874934.0,131.388,295931
148,2021-01-21,133.84,139.67,133.59,136.87,91698793.0,135.777,336337
149,2021-01-22,136.3,139.85,135.02,139.07,89529879.0,137.755,322931
150,2021-01-25,143.03,145.09,136.54,142.92,119754818.0,142.548,435184
151,2021-01-26,143.6,144.3,141.37,143.16,75027856.0,142.737,262972
152,2021-01-27,143.42,144.3,140.41,142.06,94863467.0,142.642,383193
153,2021-01-28,139.47,141.99,136.7,137.09,107554702.0,139.413,442550
154,2021-01-29,135.9,136.74,130.21,131.96,133891871.0,132.703,575322
155,2021-02-01,133.69,135.38,131.0,134.14,83025656.0,133.773,342071
156,2021-02-02,135.62,136.31,134.61,134.99,60137230.0,135.254,254007
157,2021-02-03,135.52,135.77,133.61,133.94,60981232.0,134.582,249505
158,2021-02-04,136.35,137.4,134.59,137.39,60933991.0,135.994,238773
159,2021-02-05,137.32,137.42,135.86,136.76,56733472.0,136.61,233093
160,2021-02-08,135.98,136.96,134.93,136.91,52877360.0,136.124,209017
161,2021-02-09,136.71,137.88,135.85,136.01,51214603.0,136.83,197366
162,2021-02-10,136.47,136.99,134.4,135.39,51383478.0,135.507,220890
163,2021-02-11,135.92,136.39,133.77,135.13,47751183.0,134.875,197485
164,2021-02-12,134.28,135.53,133.69,135.37,45472543.0,134.433,186877
165,2021-02-16,135.47,136.01,132.79,133.19,59574139.0,133.924,242347
166,2021-02-17,131.23,132.22,129.47,130.84,73758951.0,130.563,311372
167,2021-02-18,129.24,130.0,127.42,129.71,72928325.0,128.817,295230
168,2021-02-19,130.19,130.71,128.8,129.87,65274261.0,129.766,259170
169,2021-02-22,128.05,129.72,125.6,126.0,78446659.0,127.15,324433
170,2021-02-23,123.76,126.71,118.39,125.86,122863543.0,123.23,533726
171,2021-02-24,124.95,125.56,122.23,125.35,86286885.0,124.324,369294
172,2021-02-25,124.64,126.46,120.54,120.99,112655073.0,122.785,515002
173,2021-02-26,122.59,124.85,121.25,121.26,113031548.0,123.287,517275
174,2021-03-01,123.77,127.93,122.79,127.79,87356206.0,125.885,367494
175,2021-03-02,128.4,128.72,125.01,125.12,76838973.0,126.206,336007
176,2021-03-03,124.77,125.71,121.84,122.06,82452531.0,123.525,402738
177,2021-03-04,121.73,123.6,118.62,120.13,130749900.0,120.862,616931
178,2021-03-05,121.0,121.94,117.57,121.42,116900282.0,119.679,562651
179,2021-03-08,120.97,121.0,116.21,116.36,115189494.0,118.064,538779
180,2021-03-09,119.01,122.05,118.79,121.09,95005196.0,120.726,425384
181,2021-03-10,121.54,122.17,119.45,119.98,86691617.0,120.334,412458
182,2021-03-11,122.31,123.21,121.26,121.96,78011789.0,122.072,331702
183,2021-03-12,120.39,121.17,119.16,121.03,69619676.0,120.19,307854
184,2021-03-15,121.39,124.0,120.42,123.99,67742817.0,122.837,284551
185,2021-03-16,125.71,127.22,124.71,125.57,92674023.0,125.978,376275
186,2021-03-17,124.07,125.86,122.33,124.76,88015235.0,123.687,387946
187,2021-03-18,122.85,123.18,120.32,120.53,90611184.0,121.736,406621
188,2021-03-19,119.9,121.43,119.67,119.99,96269297.0,120.332,399731
189,2021-03-22,120.31,123.87,120.26,123.39,77966029.0,122.738,346229
190,2021-03-23,123.31,124.24,122.14,122.54,72299488.0,123.044,309474
191,2021-03-24,122.79,122.9,120.06,120.09,68564879.0,121.314,303583
192,2021-03-25,119.59,121.66,119.0,120.59,77575511.0,120.24,363717
193,2021-03-26,120.39,121.48,118.92,121.21,73404796.0,120.137,324316
194,2021-03-29,121.65,122.58,120.72,121.39,61125437.0,121.462,284935
195,2021-03-30,120.1,120.41,118.86,119.9,67151632.0,119.68,295425
196,2021-03-31,121.65,123.52,121.15,122.15,84214266.0,122.715,381490
197,2021-04-01,123.64,124.18,122.49,123.0,58142715.0,123.161,244772
198,2021-04-05,123.76,126.17,123.07,125.9,69453288.0,125.299,289182
199,2021-04-06,126.53,127.13,125.65,126.21,62869136.0,126.386,261015
200,2021-04-07,125.82,127.92,125.14,127.9,67044483.0,127.046,275540
201,2021-04-08,128.96,130.39,128.52,130.36,70632804.0,129.701,298593
202,2021-04-09,129.9,133.04,129.47,133.0,84157265.0,131.592,338974
203,2021-04-12,132.58,132.85,130.63,131.24,68272686.0,131.545,271534
204,2021-04-13,132.51,134.66,131.93,134.43,70853319.0,133.706,281730
205,2021-04-14,134.94,135.0,131.65,132.03,67376280.0,133.102,284897
206,2021-04-15,133.85,135.0,133.64,134.5,66090815.0,134.391,274830
207,2021-04-16,134.3,134.67,133.28,134.16,60207231.0,134.001,229817
208,2021-04-19,133.47,135.47,133.34,134.84,65598794.0,134.559,275309
209,2021-04-20,135.02,135.53,131.81,133.11,76477003.0,133.46,325441
210,2021-04-21,132.39,133.75,131.3,133.5,54497737.0,132.799,234498
211,2021-04-22,133.04,134.15,131.41,131.94,67239840.0,132.86,291847
212,2021-04-23,132.16,135.12,132.16,134.32,61963311.0,134.153,258175
213,2021-04-26,134.83,135.06,133.56,134.72,49672028.0,134.515,207121
214,2021-04-27,135.04,135.41,134.11,134.39,52646211.0,134.592,216861
215,2021-04-28,134.31,135.01,133.08,133.58,71388679.0,134.036,300592
216,2021-04-29,136.46,137.07,132.45,133.48,120441443.0,134.137,497373
217,2021-04-30,131.8,133.56,131.06,131.46,75106273.0,132.333,325291
218,2021-05-03,132.01,134.07,131.83,132.54,59847366.0,132.854,266025
219,2021-05-04,131.18,131.49,126.7,127.85,105301941.0,127.852,471743
220,2021-05-05,129.21,130.45,127.97,128.1,67148598.0,129.333,299136
221,2021-05-06,127.9,129.75,127.13,129.74,61573253.0,128.518,288085
222,2021-05-07,130.88,131.26,129.47,130.21,56576013.0,130.45,258234
223,2021-05-10,129.4,129.54,126.81,126.85,65338185.0,127.958,294984
224,2021-05-11,123.49,126.27,122.77,125.91,89253905.0,124.821,412594
225,2021-05-12,123.3,124.64,122.25,122.77,83814847.0,123.084,394143
226,2021-05-13,124.59,126.15,124.26,124.97,84181244.0,125.254,376863
227,2021-05-14,126.27,127.89,125.85,127.45,61443573.0,126.888,264810
228,2021-05-17,126.82,126.93,125.17,126.27,54202467.0,125.836,236831
229,2021-05-18,126.56,126.99,124.78,124.85,46852153.0,126.146,216851
230,2021-05-19,123.16,124.92,122.86,124.69,68615062.0,123.929,322707
231,2021-05-20,125.23,127.72,125.1,127.31,55353349.0,126.782,260185
232,2021-05-21,127.85,128.0,125.21,125.43,62331326.0,126.219,265181
233,2021-05-24,126.01,127.94,125.94,127.1,48670277.0,127.309,219681
234,2021-05-25,127.84,128.32,126.32,126.9,49464762.0,126.975,213334
235,2021-05-26,126.93,127.39,126.42,126.85,43263985.0,126.863,183398
236,2021-05-27,126.36,127.64,125.08,125.28,55439918.0,126.498,236068
237,2021-05-28,125.57,125.8,124.55,124.61,55502715.0,125.108,236033
238,2021-06-01,125.07,125.35,123.94,124.28,48973118.0,124.63,214587
239,2021-06-02,124.29,125.24,124.05,125.06,45812013.0,124.744,201091
240,2021-06-03,124.65,124.85,123.13,123.54,53782536.0,123.704,247058
241,2021-06-04,124.04,126.16,123.85,125.89,55456100.0,125.313,226746
242,2021-06-07,126.18,126.32,124.83,125.9,55561903.0,125.302,238530
243,2021-06-08,126.62,128.46,126.21,126.74,60230203.0,127.109,254519
244,2021-06-09,127.18,127.75,126.52,127.13,41316919.0,127.067,184740
245,2021-06-10,127.03,128.19,125.94,126.11,57649048.0,126.707,258075
246,2021-06-11,126.48,127.44,126.1,127.35,41601876.0,126.996,179897
247,2021-06-14,127.82,130.49,127.07,130.48,66103463.0,129.379,272927
248,2021-06-15,129.88,130.6,129.39,129.64,48073568.0,129.857,209600
249,2021-06-16,130.28,130.89,128.46,130.15,70654577.0,129.973,325716
250,2021-06-17,129.8,132.55,129.65,131.79,73953105.0,131.55,334053
251,2021-06-18,131.01,131.51,130.24,130.46,69585552.0,130.894,294902
252,2021-06-21,130.31,132.41,129.21,132.3,56823425.0,131.32,250586
253,2021-06-22,132.1,134.08,131.62,133.98,54822411.0,132.915,226904
254,2021-06-23,133.78,134.32,133.23,133.7,48870121.0,133.791,199554
255,2021-06-24,134.41,134.64,132.93,133.41,52159780.0,133.815,220178
256,2021-06-25,133.49,133.89,132.81,133.11,37878701.0,133.301,173023
257,2021-06-28,133.42,135.25,133.35,134.78,47737931.0,134.83,214014
258,2021-06-29,134.82,136.49,134.35,136.33,49058434.0,135.897,215993
259,2021-06-30,136.17,137.41,135.87,136.96,44740326.0,136.797,202166
260,2021-07-01,136.57,137.33,135.76,137.27,41357117.0,136.6,183284
261,2021-07-02,137.92,140.0,137.74,139.96,61569787.0,139.155,251714
262,2021-07-06,140.09,143.15,140.07,142.02,87183223.0,141.739,353633
263,2021-07-07,143.54,144.89,142.66,144.57,83426662.0,143.975,337030
264,2021-07-08,141.57,144.06,140.66,143.24,80866087.0,142.54,351118
265,2021-07-09,142.73,145.65,142.65,145.11,82032258.0,144.78,332121
266,2021-07-12,146.21,146.32,144.0,144.5,58331259.0,144.805,243342
267,2021-07-13,144.06,147.46,143.63,145.64,83767711.0,146.126,338107
268,2021-07-14,148.05,149.57,147.68,149.15,101922592.0,148.807,400953
269,2021-07-15,149.25,150.0,147.09,148.48,86281224.0,148.423,354525
270,2021-07-16,148.53,149.76,145.88,146.39,72110009.0,147.765,302237
271,2021-07-19,143.75,144.07,141.67,142.45,90967121.0,142.571,435999
272,2021-07-20,143.47,147.1,142.96,146.15,72183869.0,145.497,318948
273,2021-07-21,145.53,146.13,144.63,145.4,56267770.0,145.35,229371
274,2021-07-22,145.93,148.2,145.81,146.8,58353076.0,147.112,249591
275,2021-07-23,147.52,148.72,146.92,148.56,51997002.0,148.08,217205
276,2021-07-26,148.27,149.83,147.7,148.99,51200168.0,149.234,217659
277,2021-07-27,149.14,149.21,145.55,146.77,74251335.0,146.947,324941
278,2021-07-28,144.84,146.97,142.54,144.98,87202900.0,144.889,369002
279,2021-07-29,144.66,146.55,144.58,145.64,43418981.0,145.859,183687
280,2021-07-30,144.43,146.33,144.11,145.86,50056057.0,145.326,221782
281,2021-08-02,146.33,146.95,145.25,145.52,47327568.0,145.894,210905
282,2021-08-03,145.82,148.05,145.18,147.36,50815197.0,146.706,226246
283,2021-08-04,147.26,147.79,146.28,146.95,41627704.0,147.052,190232
284,2021-08-05,146.98,147.84,146.17,147.06,36455653.0,147.115,176261
285,2021-08-06,146.32,147.11,145.63,146.14,38476436.0,146.227,173906
286,2021-08-09,146.22,146.7,145.52,146.09,34631200.0,146.117,161888
287,2021-08-10,146.42,147.71,145.3,145.6,46131638.0,146.185,215475
288,2021-08-11,146.07,146.72,145.53,145.86,39993243.0,146.038,176282
289,2021-08-12,146.19,149.05,145.84,148.89,58035023.0,147.919,247320
290,2021-08-13,148.97,149.45,148.27,149.1,43005407.0,148.894,186416
291,2021-08-16,148.57,151.13,146.47,151.12,82656690.0,149.223,339945
292,2021-08-17,150.23,151.68,149.09,150.19,73501615.0,150.243,303760
293,2021-08-18,149.81,150.72,146.15,146.36,68650913.0,148.473,313837
294,2021-08-19,145.07,148.0,144.52,146.7,67301741.0,146.464,303754
295,2021-08-20,147.44,148.5,146.78,148.19,43642142.0,147.763,189602
296,2021-08-23,148.24,150.19,147.89,149.71,44812156.0,149.46,184638
297,2021-08-24,149.45,150.86,149.15,149.62,39308754.0,149.935,163256
298,2021-08-25,149.82,150.32,147.8,148.36,46940227.0,148.609,204348
299,2021-08-26,148.33,149.12,147.51,147.54,39087872.0,148.162,173952
300,2021-08-27,147.46,148.75,146.83,148.6,41045968.0,148.06,182325
301,2021-08-30,149.0,153.49,148.61,153.12,74323201.0,152.088,309350
302,2021-08-31,152.69,152.8,151.29,151.83,57691708.0,152.06,259664
303,2021-09-01,152.8,154.98,152.34,152.51,64333689.0,153.896,279881
304,2021-09-02,153.85,154.72,152.4,153.65,57103820.0,153.605,250653
305,2021-09-03,153.75,154.63,153.09,154.3,46045854.0,153.995,200030
306,2021-09-07,155.0,157.26,154.39,156.69,66179291.0,156.177,276518
307,2021-09-08,156.98,157.04,154.0,155.11,58699047.0,155.089,263750
308,2021-09-09,155.49,156.11,153.95,154.07,44961300.0,154.929,194075
309,2021-09-10,155.02,155.48,148.7,148.97,116040945.0,151.093,504202
310,2021-09-13,150.65,151.42,148.75,149.55,73141098.0,149.715,333845
311,2021-09-14,150.36,151.07,146.91,148.12,84363534.0,148.887,347945
312,2021-09-15,148.54,149.44,146.37,149.03,61732142.0,147.858,269825
313,2021-09-16,148.44,148.97,147.22,148.79,53150536.0,148.064,235241
314,2021-09-17,148.78,148.82,145.76,146.06,77809929.0,146.913,311927
315,2021-09-20,143.86,144.84,141.27,142.94,89873045.0,142.702,414215
316,2021-09-21,143.93,144.6,142.78,143.43,59221109.0,143.763,257315
317,2021-09-22,144.4,146.43,143.7,145.85,58798190.0,145.37,250302
318,2021-09-23,146.62,147.08,145.64,146.83,49946631.0,146.671,217416
319,2021-09-24,145.66,147.48,145.56,146.92,41993074.0,146.464,181009
320,2021-09-27,145.48,145.96,143.82,145.37,55397696.0,145.054,235126
321,2021-09-28,143.27,144.75,141.69,141.91,81282540.0,142.785,358047
322,2021-09-29,142.54,144.45,142.03,142.83,55744478.0,143.477,245034
323,2021-09-30,143.66,144.38,141.28,141.5,68780930.0,142.519,305533
324,2021-10-01,141.87,142.92,139.11,142.65,70841913.0,140.908,306096
325,2021-10-04,141.71,142.21,138.27,139.14,74926541.0,139.279,324013
326,2021-10-05,139.49,142.24,139.36,141.11,62079151.0,141.0,260786
327,2021-10-06,139.58,142.15,138.37,142.0,65918279.0,140.251,276319
328,2021-10-07,143.0,144.22,142.72,143.29,48981558.0,143.708,204224
329,2021-10-08,144.04,144.18,142.56,142.9,43275947.0,143.209,187403
330,2021-10-11,142.26,144.81,141.81,142.81,46063724.0,143.757,184078
331,2021-10-12,143.23,143.25,141.04,141.51,50614841.0,142.031,217836
332,2021-10-13,141.2,141.4,139.2,140.91,58368781.0,140.203,261842
333,2021-10-14,142.09,143.88,141.51,143.76,50440226.0,143.116,215196
334,2021-10-15,143.72,144.9,143.51,144.84,50531448.0,144.26,197101
335,2021-10-18,143.44,146.84,143.16,146.55,60815769.0,145.269,245886
336,2021-10-19,146.99,149.17,146.55,148.76,60624868.0,148.306,245249
337,2021-10-20,148.72,149.76,148.12,149.26,47868276.0,149.082,198502
338,2021-10-21,148.76,149.64,147.87,149.48,43925575.0,149.017,188571
339,2021-10-22,149.64,150.18,148.64,148.69,45329745.0,149.346,198739
340,2021-10-25,148.69,149.37,147.62,148.64,36790471.0,148.489,166788
341,2021-10-26,149.28,150.84,149.01,149.32,46556350.0,149.64,205464
342,2021-10-27,149.38,149.73,148.49,148.85,38586370.0,149.191,170480
343,2021-10-28,149.86,153.17,149.72,152.57,69297439.0,152.202,300626
344,2021-10-29,147.19,149.94,146.41,149.8,89223094.0,148.204,382715
345,2021-11-01,148.99,149.7,147.8,148.96,47432502.0,148.682,215469
346,2021-11-02,148.67,151.57,148.65,150.02,50479783.0,150.456,229991
347,2021-11-03,150.39,151.97,149.82,151.49,35804933.0,150.807,161598
348,2021-11-04,151.61,152.43,150.64,150.96,40120421.0,151.483,184406
349,2021-11-05,151.81,152.19,150.06,151.28,39158690.0,151.064,181169
350,2021-11-08,151.4,151.57,150.16,150.44,31158440.0,150.763,144981
351,2021-11-09,150.15,151.43,150.07,150.81,36726836.0,150.811,185969
352,2021-11-10,150.08,150.13,147.85,147.92,44778285.0,148.626,220881
353,2021-11-11,148.96,149.43,147.68,147.87,28880240.0,148.203,129643
354,2021-11-12,148.43,150.4,147.48,149.99,41134838.0,149.297,181688
355,2021-11-15,150.33,151.88,149.43,150.0,36555080.0,150.38,164819
356,2021-11-16,149.93,151.49,149.34,151.0,37591611.0,150.674,168134
357,2021-11-17,150.99,155.0,150.99,153.49,67526788.0,153.56,299361
358,2021-11-18,153.65,158.67,153.05,157.87,98585969.0,156.524,422754
359,2021-11-19,157.63,161.02,156.53,160.55,91072720.0,159.526,392218
360,2021-11-22,161.68,165.7,161.0,161.02,93149689.0,163.904,415571
361,2021-11-23,161.12,161.8,159.06,161.41,70971253.0,160.234,329860
362,2021-11-24,160.75,162.14,159.64,161.94,54588093.0,161.028,237368
363,2021-11-26,159.56,160.45,156.36,156.81,55429693.0,157.972,281499
364,2021-11-29,159.36,161.19,158.79,160.24,64215972.0,160.117,289872
365,2021-11-30,159.97,165.52,159.92,165.3,122399509.0,163.419,575567
366,2021-12-01,167.35,170.3,164.53,164.77,117831733.0,167.998,553284
367,2021-12-02,158.74,164.2,157.8,163.76,103936698.0,161.758,491168
368,2021-12-03,164.0,164.96,159.72,161.84,88732071.0,161.798,447596
369,2021-12-06,164.32,167.88,164.28,165.32,76174443.0,165.974,376928
370,2021-12-07,169.06,171.58,168.34,171.18,85726234.0,170.473,391526
371,2021-12-08,171.93,175.96,170.7,175.08,90235677.0,173.965,396161
372,2021-12-09,174.85,176.75,173.92,174.56,85323591.0,175.377,366468
373,2021-12-10,175.25,179.63,174.69,179.45,88691060.0,177.038,411575
374,2021-12-13,181.08,182.13,175.53,175.74,115326498.0,178.847,520586
375,2021-12-14,175.29,177.74,172.21,174.33,95501156.0,174.378,451690
376,2021-12-15,175.11,179.5,172.31,179.3,98454969.0,175.616,454203
377,2021-12-16,179.3,181.14,170.75,172.26,120068566.0,174.489,564296
378,2021-12-17,169.93,173.47,169.69,171.14,114267403.0,171.337,488673
379,2021-12-20,168.23,170.58,167.46,169.75,77759544.0,169.21,365710
380,2021-12-21,171.56,173.2,169.12,172.99,67853695.0,171.205,305768
381,2021-12-22,172.93,175.86,172.15,175.64,65739540.0,174.119,306503
382,2021-12-23,175.83,176.85,175.27,176.28,51647964.0,176.137,229282
383,2021-12-27,177.09,180.42,177.07,180.33,57449334.0,178.926,261031
384,2021-12-28,180.16,181.33,178.53,179.29,64311654.0,179.729,282218
385,2021-12-29,179.35,180.63,178.14,179.38,47994050.0,179.472,214604
386,2021-12-30,179.55,180.57,178.09,178.2,47456923.0,179.447,215993
387,2021-12-31,178.12,179.23,177.26,177.57,43468950.0,177.863,202792
388,2022-01-03,177.89,182.88,177.71,182.01,71642674.0,181.318,322150
389,2022-01-04,182.63,182.94,179.12,179.7,68898912.0,180.728,338661
390,2022-01-05,179.62,180.17,174.64,174.92,67572056.0,177.61,327604
391,2022-01-06,172.69,175.3,171.64,172.0,65887324.0,173.219,334495
392,2022-01-07,172.8,174.14,171.03,172.17,58024390.0,172.497,289596
393,2022-01-10,169.08,172.5,168.17,172.19,76243662.0,169.984,363229
394,2022-01-11,172.37,175.18,170.82,175.08,58239363.0,173.499,281079
395,2022-01-12,176.09,177.18,174.82,175.53,56620012.0,175.869,274342
396,2022-01-13,175.77,176.62,171.79,172.19,62632078.0,174.249,299281
397,2022-01-14,171.34,173.78,171.09,173.07,54913077.0,172.341,275738
398,2022-01-18,171.5,172.54,169.4,169.8,61237494.0,170.675,296290
399,2022-01-19,169.98,171.08,165.94,166.23,68212756.0,168.583,332034
400,2022-01-20,166.99,169.68,164.18,164.51,64408443.0,167.439,310699
401,2022-01-21,164.42,166.33,162.3,162.41,90813513.0,164.047,440706
402,2022-01-24,160.05,162.3,154.7,161.62,115343786.0,158.286,599405
403,2022-01-25,158.93,162.76,157.02,159.78,78409907.0,159.381,402457
404,2022-01-26,163.44,164.39,157.82,159.69,79227846.0,161.586,406403
405,2022-01-27,162.42,163.84,158.28,159.22,84054091.0,160.943,421220
406,2022-01-28,165.71,170.35,162.8,170.33,129744687.0,167.22,606742
407,2022-01-31,170.24,175.0,169.51,174.78,80974538.0,172.971,395415
408,2022-02-01,174.03,174.84,172.31,174.61,58265825.0,173.508,287184
409,2022-02-02,174.74,175.88,173.33,175.84,53915586.0,174.802,270825
410,2022-02-03,174.54,176.24,172.12,172.9,59100405.0,174.707,304651
411,2022-02-04,171.75,174.1,170.68,172.39,55312203.0,172.361,290213
412,2022-02-07,172.84,173.95,170.95,171.66,44819660.0,172.556,231242
413,2022-02-08,171.75,175.35,171.43,174.83,55397502.0,173.753,286840
414,2022-02-09,176.11,176.65,174.9,176.28,48830139.0,175.728,245056
415,2022-02-10,174.15,175.48,171.55,172.12,63629236.0,173.787,336498
416,2022-02-11,172.33,173.08,168.04,168.64,66915186.0,170.477,359662
417,2022-02-14,167.37,169.58,166.56,168.88,57278255.0,168.313,312663
418,2022-02-15,170.99,172.95,170.25,172.79,46112499.0,171.472,241428
419,2022-02-16,171.82,173.34,170.05,172.55,43016135.0,171.517,226893
420,2022-02-17,171.07,171.91,168.47,168.88,46848383.0,170.375,238091
421,2022-02-18,169.84,170.55,166.19,167.3,56354059.0,167.896,276270
422,2022-02-22,164.99,166.69,162.15,164.32,64015373.0,164.523,352328
423,2022-02-23,165.54,166.15,159.75,160.07,61854281.0,162.509,332729
424,2022-02-24,152.62,162.85,152.0,162.74,100193295.0,157.604,519029
425,2022-02-25,163.83,165.12,160.87,164.85,70412962.0,163.687,383346
426,2022-02-28,162.97,165.42,162.43,165.12,61883797.0,164.063,339070
427,2022-03-01,164.7,166.6,161.97,163.2,63866606.0,164.285,340755
428,2022-03-02,164.48,167.36,162.95,166.56,58653746.0,165.737,305712
429,2022-03-03,168.44,168.91,165.55,166.23,56516320.0,166.993,286226
430,2022-03-04,164.49,165.55,162.1,163.17,63262885.0,163.392,328617
431,2022-03-07,163.41,165.02,159.04,159.3,68972253.0,161.769,346544
432,2022-03-08,158.82,162.88,155.8,157.44,100501629.0,158.924,501571
433,2022-03-09,161.47,163.41,159.41,162.95,64481756.0,161.842,324434
434,2022-03-10,160.2,160.39,156.0,158.52,74033721.0,157.882,357715
435,2022-03-11,158.97,159.28,154.5,154.73,72857526.0,156.25,357732
436,2022-03-14,151.53,154.12,150.1,150.62,79342744.0,151.813,371110
437,2022-03-15,150.99,155.57,150.38,155.09,67072382.0,153.257,315133
438,2022-03-16,157.07,160.0,154.46,159.59,72481911.0,157.359,370137
439,2022-03-17,158.55,161.0,157.63,160.62,54264041.0,159.215,270820
440,2022-03-18,160.46,164.48,159.76,163.98,77561285.0,162.155,333327
441,2022-03-21,163.51,166.35,163.01,165.38,63109146.0,164.609,308472
442,2022-03-22,165.47,169.42,164.91,168.82,60810238.0,168.182,284908
443,2022-03-23,167.96,172.64,167.65,170.21,76245630.0,170.883,367683
444,2022-03-24,171.2,174.14,170.21,174.07,68645413.0,172.076,318304
445,2022-03-25,173.79,175.28,172.75,174.72,62894013.0,173.957,306229
446,2022-03-28,172.09,175.73,172.0,175.6,69899201.0,174.33,322736
447,2022-03-29,176.75,179.01,176.34,178.96,70096530.0,177.697,335261
448,2022-03-30,178.56,179.61,176.7,177.77,66750463.0,178.177,322573
449,2022-03-31,177.87,178.03,174.4,174.61,66091709.0,176.269,339087
450,2022-04-01,173.99,174.88,171.95,174.31,57754704.0,173.243,294900
451,2022-04-04,174.57,178.49,174.44,178.44,59877249.0,177.399,289873
452,2022-04-05,177.55,178.3,174.41,175.06,55112678.0,176.082,275495
453,2022-04-06,172.35,173.63,170.13,171.83,66687005.0,171.769,336527
454,2022-04-07,171.17,173.36,169.85,172.14,56294405.0,171.76,284599
455,2022-04-08,171.78,171.78,169.2,170.09,58436773.0,170.539,287818
456,2022-04-11,168.73,169.03,165.5,165.75,54402821.0,166.774,285139
457,2022-04-12,168.01,169.87,166.64,167.66,61050218.0,168.152,304553
458,2022-04-13,167.39,171.04,166.77,170.4,52907220.0,169.635,265583
459,2022-04-14,170.73,171.27,165.04,165.29,55208723.0,167.537,259784
460,2022-04-18,163.91,166.6,163.57,165.07,49898998.0,164.922,246087
461,2022-04-19,165.0,167.82,163.91,167.4,49351346.0,166.431,258130
462,2022-04-20,168.76,168.88,166.1,167.23,51715219.0,167.333,273953
463,2022-04-21,168.87,171.53,165.91,166.42,67850250.0,169.061,351765
464,2022-04-22,166.49,167.87,161.5,161.79,59419014.0,164.514,311706
465,2022-04-25,161.18,163.17,158.46,162.88,72237670.0,160.491,389921
466,2022-04-26,162.18,162.34,156.72,156.8,69401232.0,158.826,361925
467,2022-04-27,155.94,159.79,155.38,156.57,64353114.0,157.556,334188
468,2022-04-28,159.16,164.52,158.93,163.64,83789592.0,161.923,425128
469,2022-04-29,161.86,166.2,157.25,157.65,92293023.0,161.299,447390
470,2022-05-02,156.79,158.23,153.27,157.96,95751321.0,155.853,509629
471,2022-05-03,158.14,160.71,156.32,159.48,68937269.0,158.78,326924
472,2022-05-04,159.67,166.48,159.26,166.02,86160287.0,162.228,438705
473,2022-05-05,163.81,164.08,154.95,156.77,99948693.0,158.243,527236
474,2022-05-06,156.02,159.44,154.18,157.28,89041854.0,157.352,476078
475,2022-05-09,154.91,155.83,151.49,152.06,94567578.0,153.002,489469
476,2022-05-10,155.5,156.74,152.97,154.51,83192975.0,154.987,446605
477,2022-05-11,153.5,155.45,145.81,146.5,103993686.0,149.653,545457
478,2022-05-12,142.76,146.2,138.8,142.56,140776114.0,141.995,692571
479,2022-05-13,144.66,148.11,143.11,147.11,88833843.0,146.286,413522
480,2022-05-16,145.61,147.52,144.18,145.54,65426332.0,145.802,301141
481,2022-05-17,148.86,149.77,146.68,149.24,58090230.0,148.336,253667
482,2022-05-18,146.86,147.37,139.97,140.82,80338150.0,142.901,373260
483,2022-05-19,139.89,141.66,136.6,137.35,106384505.0,138.729,497454
484,2022-05-20,139.07,140.7,132.61,137.59,107421893.0,136.258,486355
485,2022-05-23,137.79,143.26,137.65,143.11,92605239.0,141.378,388889
486,2022-05-24,140.83,141.97,137.33,140.36,84602216.0,139.33,358921
487,2022-05-25,138.44,141.79,138.34,140.52,70320990.0,140.067,309835
488,2022-05-26,137.39,144.34,137.14,143.78,66880305.0,142.388,299289
489,2022-05-27,145.39,149.68,145.26,149.64,68105153.0,148.08,301150
490,2022-05-31,149.03,150.66,146.84,148.84,64486024.0,149.183,298098
491,2022-06-01,149.91,151.74,147.68,148.71,57675000.0,149.436,270589
492,2022-06-02,147.81,151.27,146.86,151.21,54654301.0,149.384,249708
493,2022-06-03,146.89,147.97,144.46,145.38,66261643.0,145.772,319730
494,2022-06-06,146.95,148.57,144.9,146.14,56462204.0,146.644,262978
495,2022-06-07,144.38,149.0,144.1,148.71,51273128.0,147.515,226995
496,2022-06-08,148.51,149.87,147.46,147.96,41909176.0,148.695,186988
497,2022-06-09,147.09,147.95,142.53,142.64,52347279.0,145.654,236357
498,2022-06-10,140.28,140.76,137.06,137.13,67187205.0,138.223,314938
499,2022-06-13,132.86,135.2,131.44,131.88,91359086.0,133.313,411220
500,2022-06-14,133.1,133.89,131.48,132.76,62854505.0,132.528,300117
501,2022-06-15,134.21,137.34,132.16,135.43,68733160.0,134.525,321154
502,2022-06-16,132.08,132.39,129.04,130.06,74399107.0,130.499,361952
503,2022-06-17,130.07,133.08,129.81,131.56,86358190.0,131.453,364589
504,2022-06-21,133.42,137.05,133.32,135.87,57651864.0,135.959,257828
505,2022-06-22,134.84,137.76,133.91,135.35,53860709.0,135.995,245433
506,2022-06-23,136.83,138.59,135.63,138.27,54212881.0,137.156,259307
507,2022-06-24,139.9,141.91,139.77,141.66,51857544.0,140.513,235817
508,2022-06-27,142.68,143.49,140.96,141.66,47638772.0,142.106,213816
509,2022-06-28,142.17,143.43,137.32,137.44,49930490.0,139.673,238946
510,2022-06-29,137.48,140.67,136.67,139.23,52512525.0,139.305,248555
511,2022-06-30,137.22,138.37,133.77,136.72,68929852.0,136.413,325677
512,2022-07-01,136.2,139.04,135.66,138.93,52461724.0,137.306,254197
513,2022-07-05,137.77,141.61,136.93,141.56,53401575.0,139.527,255176
514,2022-07-06,141.33,144.12,141.08,142.92,57314246.0,142.555,267698
515,2022-07-07,143.27,146.55,143.27,146.35,49886460.0,145.611,241487
516,2022-07-08,145.21,147.55,145.0,147.04,51393650.0,146.665,234271
517,2022-07-11,145.71,146.64,143.78,144.87,43878003.0,145.19,203524
518,2022-07-12,145.83,148.45,145.05,145.86,58580126.0,146.909,265391
519,2022-07-13,142.99,146.45,142.12,145.49,50583920.0,145.207,240408
520,2022-07-14,144.09,148.95,143.25,148.47,60879667.0,146.486,280202
521,2022-07-15,149.82,150.86,148.2,150.17,55472678.0,149.406,245934
522,2022-07-18,150.75,151.57,146.7,147.07,60692283.0,149.247,285189
523,2022-07-19,147.93,151.23,146.91,151.0,59077983.0,149.583,269119
524,2022-07-20,151.07,153.72,150.37,153.04,49598813.0,152.609,233309
525,2022-07-21,154.56,155.57,151.94,155.35,47477793.0,154.251,220994
526,2022-07-22,155.39,156.28,153.41,154.09,50924150.0,154.663,246453
527,2022-07-25,154.01,155.04,152.28,152.95,40900326.0,153.312,200097
528,2022-07-26,152.26,153.09,150.8,151.6,39639710.0,151.671,205624
529,2022-07-27,152.55,157.33,152.16,156.79,52854895.0,155.03,255480
530,2022-07-28,156.98,157.64,154.41,157.35,51866668.0,156.577,255041
531,2022-07-29,161.24,163.63,159.5,162.51,68695588.0,162.268,304007
532,2022-08-01,161.01,163.59,160.89,161.51,46192783.0,162.244,222869
533,2022-08-02,160.11,162.41,159.63,160.01,42690206.0,160.784,217316
534,2022-08-03,160.84,166.59,160.75,166.13,58706333.0,164.884,272840
535,2022-08-04,166.01,167.19,164.43,165.81,40438699.0,165.563,195662
536,2022-08-05,163.23,165.85,163.0,165.35,41333126.0,164.696,197265
537,2022-08-08,166.37,167.81,164.2,164.87,39581359.0,165.869,195716
538,2022-08-09,164.01,165.82,163.25,164.92,42801907.0,164.838,211222
539,2022-08-10,167.66,169.34,166.9,169.24,49248193.0,168.241,229808
540,2022-08-11,170.06,170.99,168.19,168.49,41336027.0,169.488,205747
541,2022-08-12,169.84,172.17,169.4,172.1,48828375.0,170.939,223157
542,2022-08-15,171.51,173.39,171.34,173.19,36483134.0,172.574,173375
543,2022-08-16,172.77,173.71,171.66,173.03,40015046.0,172.682,193965
544,2022-08-17,172.77,176.15,172.57,174.55,61086473.0,174.33,286267
545,2022-08-18,173.74,174.9,173.12,174.15,47351175.0,174.144,220128
546,2022-08-19,173.03,173.74,171.31,171.52,51819981.0,172.328,234097
547,2022-08-22,169.71,169.86,167.13,167.57,47281325.0,168.378,242983
548,2022-08-23,167.13,168.71,166.65,167.23,40081047.0,167.672,210547
549,2022-08-24,167.41,168.11,166.24,167.53,40183318.0,167.277,200818
550,2022-08-25,168.78,170.14,168.35,170.03,37654463.0,169.272,188550
551,2022-08-26,170.57,171.05,163.56,163.62,52371892.0,166.476,271427
552,2022-08-29,161.15,162.9,159.82,161.38,54532690.0,161.557,247389
553,2022-08-30,162.16,162.56,157.72,158.91,58445551.0,159.297,269101
554,2022-08-31,160.31,160.58,157.14,157.22,51675701.0,158.909,262475
555,2022-09-01,156.64,158.42,154.67,157.96,57746715.0,156.391,280693
556,2022-09-02,159.73,160.37,154.96,155.81,58508412.0,157.864,288529
557,2022-09-06,156.46,157.09,153.69,154.53,56517573.0,155.044,276137
558,2022-09-07,154.8,156.67,153.61,155.96,68453430.0,155.253,310635
559,2022-09-08,154.65,156.36,152.68,154.46,64071159.0,154.377,309370
560,2022-09-09,155.48,157.82,154.75,157.37,49750564.0,156.636,238582
561,2022-09-12,159.6,164.26,159.3,163.43,78753651.0,162.4,356654
562,2022-09-13,160.01,160.54,153.37,153.84,87158911.0,156.351,417593
563,2022-09-14,154.76,157.1,153.61,155.31,65474174.0,155.261,319903
564,2022-09-15,154.65,155.24,151.38,152.37,66350386.0,153.085,317738
565,2022-09-16,151.21,151.35,148.37,150.7,92297663.0,150.002,388672
566,2022-09-19,149.31,154.56,149.1,154.48,62375843.0,152.34,301430
567,2022-09-20,153.4,158.08,153.08,156.9,87793543.0,156.097,368353
568,2022-09-21,157.44,158.74,153.6,153.72,79131651.0,156.547,355763
569,2022-09-22,152.3,154.47,150.91,152.74,68915401.0,152.539,317389
570,2022-09-23,151.2,151.47,148.56,150.43,74353224.0,149.959,347569
571,2022-09-26,149.66,153.78,149.64,150.77,71643441.0,151.633,347602
572,2022-09-27,152.79,154.72,149.94,151.76,64998053.0,152.146,319570
573,2022-09-28,147.64,150.65,144.84,149.84,111039393.0,147.428,492219
574,2022-09-29,146.1,146.72,140.68,142.48,98773283.0,142.831,455228
575,2022-09-30,141.2,143.1,138.0,138.2,87106210.0,140.81,402597
576,2022-10-03,138.26,143.07,137.68,142.45,82722763.0,141.135,357808
577,2022-10-04,145.03,146.22,144.26,146.1,63574086.0,145.403,298732
578,2022-10-05,144.07,147.38,143.01,146.4,62976887.0,145.186,284095
579,2022-10-06,145.89,147.54,145.22,145.43,51856533.0,146.117,259826
580,2022-10-07,142.58,143.1,139.44,140.09,60802414.0,140.863,292875
581,2022-10-10,140.42,141.89,138.57,140.42,58800151.0,140.177,280197
582,2022-10-11,139.89,141.35,138.22,138.98,61306390.0,139.588,280297
583,2022-10-12,139.13,140.36,138.16,138.34,54161218.0,139.172,261215
584,2022-10-13,134.99,143.59,134.37,142.99,90294352.0,139.689,422176
585,2022-10-14,144.29,144.52,138.19,138.38,67337698.0,140.081,322242
586,2022-10-17,141.06,142.9,140.27,142.41,63873691.0,141.896,282677
587,2022-10-18,145.34,146.7,140.61,143.75,81019756.0,144.055,378025
588,2022-10-19,141.64,144.95,141.5,143.86,49161776.0,143.424,238919
589,2022-10-20,143.02,145.89,142.65,143.39,48877905.0,144.337,238478
590,2022-10-21,142.87,147.85,142.64,147.27,66568041.0,145.393,297766
591,2022-10-24,147.11,150.23,146.0,149.45,58429666.0,148.275,275042
592,2022-10-25,150.16,152.49,149.36,152.34,54969470.0,151.365,244434
593,2022-10-26,150.9,151.99,148.04,149.35,65318650.0,150.095,318495
594,2022-10-27,148.07,149.05,144.13,144.8,66936381.0,145.913,322832
595,2022-10-28,148.08,157.5,147.82,155.74,131631088.0,154.655,546763
596,2022-10-31,153.16,154.24,151.92,153.34,67248938.0,153.251,297611
597,2022-11-01,155.06,155.45,149.13,150.65,62841242.0,150.958,289300
598,2022-11-02,149.07,152.17,145.0,145.03,70959669.0,148.655,336019
599,2022-11-03,142.07,142.8,138.75,138.88,72694765.0,140.235,339127
600,2022-11-04,142.09,142.67,134.38,138.38,109809677.0,137.189,463262
601,2022-11-07,137.11,139.15,135.67,138.92,63056199.0,137.367,269586
602,2022-11-08,140.29,141.43,137.49,139.5,62927330.0,139.574,264691
603,2022-11-09,138.47,138.55,134.59,134.87,53464494.0,136.17,242074
604,2022-11-10,141.24,146.87,140.4,146.87,80019284.0,143.726,363295
605,2022-11-11,145.82,150.0,144.37,149.7,70086656.0,148.02,309288
606,2022-11-14,149.06,150.28,147.43,148.28,52169059.0,148.795,234977
607,2022-11-15,152.25,153.59,148.56,150.04,69194368.0,151.397,321048
608,2022-11-16,148.96,149.87,147.29,148.79,46067495.0,148.589,203829
609,2022-11-17,146.56,151.48,146.15,150.72,59138702.0,149.564,247986
610,2022-11-18,152.17,152.7,149.97,151.29,54764871.0,151.173,228762
611,2022-11-21,150.08,150.37,147.71,148.01,43256924.0,148.536,192137
612,2022-11-22,148.13,150.42,146.92,150.18,38202760.0,149.024,158636
613,2022-11-23,149.43,151.83,149.34,151.07,44513767.0,150.796,184077
614,2022-11-25,148.31,148.88,147.12,148.11,26091532.0,148.122,113005
615,2022-11-28,145.18,146.64,143.38,144.22,50103346.0,144.876,222357
616,2022-11-29,144.29,144.81,140.35,141.17,66144366.0,142.101,295923
617,2022-11-30,141.42,148.03,140.55,148.03,68245060.0,144.083,297847
618,2022-12-01,148.3,149.13,146.61,148.31,48315540.0,148.023,217687
619,2022-12-02,146.01,148.0,145.65,147.81,44363190.0,146.673,187735
620,2022-12-05,147.73,150.92,145.77,146.63,52452929.0,147.784,230157
621,2022-12-06,147.06,147.3,141.94,142.91,48600368.0,143.905,220003
622,2022-12-07,142.19,143.37,140.0,140.94,51108772.0,141.187,223067
623,2022-12-08,142.4,143.52,141.1,142.65,44267422.0,142.498,187550
624,2022-12-09,142.34,145.57,140.9,142.16,52260740.0,143.528,224627
625,2022-12-12,142.9,144.5,141.06,144.49,44958746.0,142.707,187635
626,2022-12-13,149.43,149.97,144.24,145.47,65659197.0,146.684,306761
627,2022-12-14,145.35,146.66,141.16,143.21,59704420.0,144.353,269556
628,2022-12-15,141.11,141.8,136.02,136.5,68097647.0,137.811,326848
629,2022-12-16,136.69,137.65,133.73,134.51,76287323.0,135.265,302286
630,2022-12-19,135.07,135.25,131.32,132.37,55810300.0,132.457,239157
631,2022-12-20,131.4,133.25,129.9,132.3,59227848.0,131.807,255760
632,2022-12-21,132.99,136.81,132.75,135.45,59010998.0,135.289,249623
633,2022-12-22,134.42,134.56,130.3,132.23,57575140.0,131.793,254981
634,2022-12-23,130.93,132.42,129.64,131.86,50329486.0,131.097,202075
635,2022-12-27,131.42,131.42,128.72,130.03,52122468.0,129.915,212695
636,2022-12-28,129.73,131.03,125.87,126.04,67700015.0,127.723,282542
637,2022-12-29,127.99,130.49,127.73,129.61,60111956.0,129.522,242513
638,2022-12-30,128.41,129.95,127.43,129.93,56782382.0,128.617,236368
639,2023-01-03,130.25,130.9,124.17,125.07,80972048.0,125.758,343777
640,2023-01-04,126.91,128.66,125.08,126.36,68010526.0,126.677,305677
641,2023-01-05,127.2,127.77,124.76,125.02,60250831.0,126.207,261030
642,2023-01-06,126.0,130.29,124.89,129.62,64421353.0,128.062,287586
643,2023-01-09,130.52,133.41,129.89,130.15,53320917.0,131.83,235286
644,2023-01-10,130.28,131.27,128.12,130.73,51125163.0,129.735,218082
645,2023-01-11,131.21,133.51,130.46,133.49,51414827.0,132.141,214409
646,2023-01-12,133.81,134.26,131.44,133.41,51955143.0,133.121,219246
647,2023-01-13,131.95,134.92,131.66,134.76,43779108.0,133.564,189661
648,2023-01-17,134.83,137.29,134.13,135.94,46840401.0,135.757,198191
649,2023-01-18,136.82,138.61,135.03,135.21,50284661.0,136.532,221309
650,2023-01-19,134.09,136.25,133.77,135.27,43664494.0,134.941,188178
651,2023-01-20,135.21,138.02,134.22,137.87,54540584.0,135.983,222889
652,2023-01-23,138.13,143.32,137.9,141.11,62585642.0,141.276,284102
653,2023-01-24,140.31,143.16,140.3,142.53,44284503.0,142.137,193731
654,2023-01-25,140.95,142.43,138.81,141.86,49457827.0,140.601,216352
655,2023-01-26,143.15,144.25,141.9,143.96,39937944.0,143.254,183157
656,2023-01-27,143.18,147.23,143.08,145.93,50487118.0,145.831,214863
657,2023-01-30,144.96,145.55,142.85,143.0,45801580.0,143.766,216446
658,2023-01-31,142.69,144.34,142.28,144.29,37758543.0,143.384,181171
659,2023-02-01,143.94,146.61,141.32,145.43,56709425.0,143.632,266398
660,2023-02-02,148.82,151.18,148.17,150.82,70180341.0,149.72,314492
661,2023-02-03,147.94,157.38,147.83,154.5,108467761.0,154.591,447803
662,2023-02-06,152.58,153.1,150.78,151.73,49400658.0,152.05,222325
663,2023-02-07,150.73,155.23,150.63,154.65,59548857.0,153.322,288233
664,2023-02-08,153.77,154.58,151.16,151.92,44704905.0,152.444,210118
665,2023-02-09,153.79,154.33,150.42,150.87,38724526.0,152.535,191439
666,2023-02-10,149.49,151.35,149.22,151.01,37699630.0,150.349,169465
667,2023-02-13,150.96,154.26,150.92,153.85,43022921.0,153.117,187497
668,2023-02-14,152.07,153.77,150.86,153.2,44030273.0,152.451,208056
669,2023-02-15,153.12,155.5,152.88,155.33,46662146.0,154.446,195878
670,2023-02-16,153.36,156.33,153.3,153.71,47064260.0,154.974,216868
671,2023-02-17,152.35,153.0,150.85,152.55,41747205.0,151.976,189877
672,2023-02-21,150.34,151.3,148.4,148.48,37423127.0,149.612,176165
673,2023-02-22,148.81,149.95,147.16,148.91,37679338.0,148.48,171777
674,2023-02-23,150.09,150.34,147.24,149.4,35265981.0,148.773,170108
675,2023-02-24,147.13,147.19,145.72,146.71,39737438.0,146.302,183608
676,2023-02-27,147.71,149.17,147.45,147.92,32019306.0,148.191,150978
677,2023-02-28,147.05,149.08,146.83,147.41,30195044.0,147.962,150232
678,2023-03-01,146.83,147.23,145.01,145.31,37145587.0,145.964,187467
679,2023-03-02,144.41,146.71,143.9,145.91,36646909.0,145.044,173832
680,2023-03-03,148.09,151.11,147.33,151.03,47751342.0,149.857,221212
681,2023-03-06,153.81,156.3,153.46,153.83,65384332.0,154.803,276126
682,2023-03-07,153.64,154.03,151.13,151.6,41641370.0,152.346,207343
683,2023-03-08,152.77,153.47,151.83,152.87,37163169.0,152.689,172851
684,2023-03-09,153.49,154.54,150.22,150.59,39962584.0,152.745,195046
685,2023-03-10,150.21,150.94,147.6,148.5,50731374.0,149.128,265956
686,2023-03-13,147.81,153.14,147.7,150.47,63598014.0,151.333,351013
687,2023-03-14,151.27,153.4,150.1,152.59,50383686.0,152.005,254516
688,2023-03-15,151.19,153.25,149.92,152.99,53542299.0,151.533,303295
689,2023-03-16,152.15,156.46,151.64,155.85,56772468.0,154.675,297917
690,2023-03-17,156.08,156.74,154.28,155.0,60218668.0,155.47,255985
691,2023-03-20,155.03,157.82,154.15,157.4,51388859.0,156.452,246343
692,2023-03-21,157.29,159.4,156.54,159.28,50287990.0,158.11,238201
693,2023-03-22,159.29,162.14,157.81,157.83,54562750.0,160.022,259317
694,2023-03-23,158.77,161.56,157.68,158.93,50035497.0,159.641,256474
695,2023-03-24,158.88,160.34,157.85,160.25,41845530.0,159.072,199772
696,2023-03-27,159.93,160.77,157.87,158.28,36560222.0,159.172,178048
697,2023-03-28,157.99,158.49,155.98,157.65,34128815.0,156.86,159425
698,2023-03-29,159.37,161.05,159.35,160.77,37058121.0,160.125,179404
699,2023-03-30,161.59,162.47,161.27,162.36,34726065.0,161.96,166924
700,2023-03-31,162.43,165.0,161.91,164.9,43105312.0,163.759,204781
701,2023-04-03,164.27,166.29,164.21,166.17,37783464.0,165.246,179709
702,2023-04-04,166.59,166.84,165.11,165.63,30911301.0,165.975,148920
703,2023-04-05,164.74,165.05,161.8,163.76,38442588.0,163.423,182269
704,2023-04-06,162.38,164.96,162.0,164.66,32014330.0,163.911,155317
705,2023-04-10,161.39,162.03,160.08,162.03,35075771.0,161.155,171575
706,2023-04-11,162.35,162.36,160.51,160.8,33513123.0,161.177,167758
707,2023-04-12,161.22,162.06,159.78,160.1,36275318.0,160.994,182138
708,2023-04-13,161.59,165.8,161.42,165.56,47988459.0,164.13,224818
709,2023-04-14,164.59,166.32,163.82,165.21,35671612.0,165.024,166606
710,2023-04-17,165.09,165.39,164.03,165.23,29441425.0,164.702,136263
711,2023-04-18,166.07,167.41,165.65,166.47,34325344.0,166.331,153755
712,2023-04-19,165.82,168.16,165.54,167.63,33918135.0,167.233,151682
713,2023-04-20,166.09,167.87,165.56,166.65,36396842.0,166.831,168463
714,2023-04-21,165.05,166.46,164.49,165.02,40190477.0,165.114,181004
715,2023-04-24,164.95,165.6,163.89,165.33,28254221.0,164.888,135274
716,2023-04-25,165.19,166.31,163.73,163.77,33810143.0,164.8,168003
717,2023-04-26,163.05,165.28,162.8,163.76,30434474.0,163.951,151029
718,2023-04-27,165.13,168.56,165.13,168.41,42923150.0,167.084,199746
719,2023-04-28,168.48,169.85,167.88,169.68,37949458.0,168.801,174834
720,2023-05-01,169.29,170.45,168.64,169.59,36206976.0,169.672,159032
721,2023-05-02,170.09,170.35,167.54,168.54,34201074.0,168.713,166492
722,2023-05-03,169.51,170.92,167.16,167.45,42181315.0,169.596,198926
723,2023-05-04,164.83,167.04,164.31,165.79,46697419.0,165.725,227252
724,2023-05-05,171.0,174.3,170.76,173.57,80103962.0,173.398,342503
725,2023-05-08,172.52,173.85,172.11,173.5,38358735.0,173.289,167268
726,2023-05-09,173.13,173.54,171.6,171.77,30446235.0,172.31,142777
727,2023-05-10,173.01,174.03,171.9,173.56,37302251.0,173.119,164457
728,2023-05-11,173.85,174.59,172.17,173.75,36120223.0,173.451,172681
729,2023-05-12,173.62,174.06,171.0,172.57,32664382.0,172.324,153523
730,2023-05-15,173.16,173.21,171.47,172.07,25615336.0,172.099,120954
731,2023-05-16,171.99,173.14,171.79,172.07,30244924.0,172.317,144718
732,2023-05-17,171.75,172.93,170.42,172.69,38067755.0,171.671,176072
733,2023-05-18,173.0,175.24,172.58,175.05,43858785.0,174.22,206557
734,2023-05-19,176.39,176.44,174.94,175.16,36733455.0,175.602,171908
735,2023-05-22,173.96,174.71,173.45,174.2,29957059.0,174.201,140322
736,2023-05-23,173.13,173.38,171.27,171.56,32391309.0,172.32,166067
737,2023-05-24,171.09,172.42,170.52,171.84,30226951.0,171.465,149929
738,2023-05-25,172.5,173.9,171.69,172.99,35249239.0,172.889,173785
739,2023-05-26,173.31,175.77,173.11,175.43,36312158.0,175.098,173798
740,2023-05-30,177.0,178.99,176.57,177.3,37542184.0,177.479,180209
741,2023-05-31,177.32,179.35,176.76,177.25,49770843.0,178.399,250779
742,2023-06-01,177.7,180.12,176.93,180.09,45182282.0,179.187,215013
743,2023-06-02,181.05,181.78,179.26,180.95,43710407.0,180.581,206132
744,2023-06-05,182.63,184.96,178.03,179.58,97095899.0,182.306,460241
745,2023-06-06,180.0,180.12,177.43,179.21,47311241.0,178.643,217986
746,2023-06-07,178.44,181.21,177.32,177.82,41768665.0,178.835,221429
747,2023-06-08,177.89,180.84,177.46,180.57,33884755.0,179.362,168149
748,2023-06-09,181.52,182.23,180.63,180.96,33993268.0,181.545,175931
749,2023-06-12,181.27,183.89,180.97,183.79,30626518.0,182.431,150122
750,2023-06-13,182.79,184.15,182.44,183.31,34783436.0,183.164,183859
751,2023-06-14,183.31,184.39,182.02,183.95,38875820.0,183.66,209294
752,2023-06-15,183.97,186.52,183.78,186.01,43776048.0,185.496,228928
753,2023-06-16,186.61,186.99,184.27,184.92,49277200.0,185.884,189238
754,2023-06-20,184.41,186.1,184.41,185.01,32064546.0,185.365,170615
755,2023-06-21,184.89,185.41,182.59,183.96,31299088.0,184.123,164421
756,2023-06-22,183.74,187.05,183.67,187.0,35847235.0,185.963,174303
757,2023-06-23,185.55,187.56,185.01,186.68,33385731.0,186.438,168357
758,2023-06-26,186.8,188.05,185.23,185.27,32745693.0,186.539,164261
759,2023-06-27,185.91,188.39,185.67,188.06,34140221.0,187.368,165770
760,2023-06-28,187.97,189.9,187.6,189.25,35149037.0,188.835,171064
761,2023-06-29,189.07,190.04,188.94,189.59,31568621.0,189.534,155041
762,2023-06-30,191.63,194.48,191.26,193.97,51003445.0,192.867,242690
763,2023-07-03,193.8,193.88,191.76,192.46,22815136.0,192.655,105376
764,2023-07-05,191.57,192.98,190.62,191.33,30647118.0,191.658,143762
765,2023-07-06,189.91,192.02,189.2,191.81,29290464.0,190.637,145083
766,2023-07-07,191.4,192.67,190.24,190.68,31801701.0,191.569,151775
767,2023-07-10,189.23,189.99,187.03,188.61,40762633.0,188.296,208105
768,2023-07-11,189.2,189.3,186.6,188.08,32009176.0,187.766,159808
769,2023-07-12,189.68,191.7,188.47,189.77,40126428.0,190.017,197450
770,2023-07-13,190.5,191.19,189.78,190.54,27460103.0,190.568,123973
771,2023-07-14,190.25,191.18,189.63,190.69,28580889.0,190.428,138690
772,2023-07-17,191.9,194.32,191.81,193.99,34325618.0,193.216,156801
773,2023-07-18,193.4,194.33,192.41,193.73,34638185.0,193.326,157778
774,2023-07-19,193.07,198.23,192.65,195.1,55062967.0,194.969,243549
775,2023-07-20,195.08,196.47,192.49,193.13,43434218.0,194.466,200593
776,2023-07-21,194.1,194.97,191.23,191.94,34825322.0,193.035,157723
777,2023-07-24,193.4,194.91,192.25,192.75,27604708.0,193.313,127594
778,2023-07-25,193.39,194.44,192.91,193.62,23373165.0,193.839,113467
779,2023-07-26,193.71,195.64,193.32,194.5,28862326.0,194.347,142411
780,2023-07-27,196.05,197.2,192.55,193.22,33613312.0,195.135,154331
781,2023-07-28,194.7,196.63,194.14,195.83,29915068.0,195.805,146915
782,2023-07-31,196.09,196.49,195.26,196.45,24375306.0,196.069,116421
783,2023-08-01,196.24,196.73,195.28,195.61,23067120.0,195.908,109136
784,2023-08-02,195.08,195.18,191.85,192.58,31124881.0,193.019,155114
785,2023-08-03,191.56,192.37,190.69,191.17,35230583.0,191.622,173419
786,2023-08-04,185.56,187.38,181.92,181.99,79982315.0,184.478,385232
787,2023-08-07,182.14,183.13,177.35,178.85,69695776.0,178.885,335438
788,2023-08-08,179.7,180.27,177.58,179.8,47710746.0,178.923,213556
789,2023-08-09,180.83,180.93,177.01,178.19,42205824.0,178.508,196237
790,2023-08-10,179.41,180.75,177.6,177.97,39410888.0,178.902,198185
791,2023-08-11,177.35,178.62,176.66,177.79,34528246.0,177.797,164824
792,2023-08-14,177.95,179.69,177.3,179.46,28856949.0,178.847,136974
793,2023-08-15,178.93,179.48,177.05,177.45,27015120.0,177.973,136571
794,2023-08-16,177.13,178.54,176.5,176.57,29571741.0,177.59,146400
795,2023-08-17,177.2,177.51,173.48,174.0,40552835.0,174.684,192120
796,2023-08-18,172.3,175.1,171.98,174.49,37530239.0,173.72,169896
797,2023-08-21,175.1,176.13,173.73,175.84,28277904.0,175.04,134717
798,2023-08-22,177.06,177.68,176.25,177.23,29150364.0,176.983,142250
799,2023-08-23,178.56,181.55,178.32,181.12,36177421.0,180.594,172509
800,2023-08-24,180.68,181.11,176.01,176.38,33758223.0,178.024,175771
801,2023-08-25,177.41,179.15,175.82,178.61,32475040.0,177.683,165074
802,2023-08-28,180.09,180.59,178.54,180.19,27996024.0,179.516,142209
803,2023-08-29,179.72,184.9,179.5,184.12,37144668.0,183.14,172028
804,2023-08-30,184.8,187.79,184.74,187.65,45296983.0,186.856,197703
805,2023-08-31,187.86,189.12,187.48,187.87,35296005.0,188.276,168287
806,2023-09-01,189.57,189.92,188.28,189.46,30193704.0,188.942,142973
807,2023-09-05,188.22,189.98,187.61,189.7,29976406.0,189.046,145555
808,2023-09-06,188.4,188.85,181.47,182.91,60969233.0,183.864,277693
809,2023-09-07,175.14,178.21,173.54,177.56,82741400.0,176.638,388212
810,2023-09-08,178.4,180.24,177.79,178.18,49666678.0,179.173,237458
811,2023-09-11,180.08,180.3,177.34,179.36,42238795.0,178.733,185016
812,2023-09-12,179.49,180.13,174.82,176.3,68838348.0,176.741,308322
813,2023-09-13,176.49,177.3,173.98,174.21,58163100.0,175.132,256002
814,2023-09-14,174.01,176.1,173.58,175.74,41213746.0,175.32,193413
815,2023-09-15,176.41,176.5,173.82,175.01,57613758.0,175.121,220973
816,2023-09-18,176.57,179.38,176.17,177.97,48844299.0,177.971,217037
817,2023-09-19,177.52,179.63,177.13,179.07,38112949.0,178.326,166673
818,2023-09-20,179.3,179.7,175.4,175.49,41869663.0,177.253,190379
819,2023-09-21,174.55,176.3,173.86,173.93,42844210.0,175.066,204400
820,2023-09-22,174.67,177.08,174.05,174.79,40708267.0,175.588,203638
821,2023-09-25,174.2,176.97,174.15,176.08,34839137.0,175.632,161556
822,2023-09-26,174.73,175.2,171.66,171.96,46331416.0,172.841,218928
823,2023-09-27,172.56,173.04,169.05,170.43,48834513.0,170.536,229137
824,2023-09-28,169.55,172.03,167.64,170.69,43349416.0,170.29,208694
825,2023-09-29,172.02,173.07,170.34,171.21,33052792.0,171.711,163487
826,2023-10-02,171.29,174.3,170.93,173.75,36645577.0,173.226,182152
827,2023-10-03,172.29,173.63,170.82,172.4,36681746.0,172.09,173372
828,2023-10-04,171.1,174.21,170.97,173.66,37635681.0,172.849,187243
829,2023-10-05,173.74,175.45,172.68,174.91,34873480.0,174.137,164176
830,2023-10-06,173.89,177.99,173.18,177.49,40265915.0,176.16,191737
831,2023-10-09,176.84,179.05,175.8,178.99,31003303.0,177.722,138552
832,2023-10-10,178.1,179.72,177.95,178.39,31073817.0,178.738,154357
833,2023-10-11,178.2,179.85,177.6,179.8,32263909.0,178.765,154295
834,2023-10-12,180.07,182.34,179.04,180.71,42374800.0,180.995,201109
835,2023-10-13,181.39,181.93,178.14,178.85,34527171.0,179.502,160537
836,2023-10-16,176.75,179.08,176.51,178.72,38606920.0,178.084,179879
837,2023-10-17,176.68,178.42,174.8,177.15,43819636.0,176.823,196827
838,2023-10-18,175.57,177.58,175.11,175.84,38676161.0,176.453,182460
839,2023-10-19,176.0,177.84,175.19,175.46,38884579.0,176.423,188763
840,2023-10-20,175.37,175.42,172.64,172.88,42092639.0,173.943,197228
841,2023-10-23,170.97,174.01,169.99,173.0,40440044.0,172.315,186362
842,2023-10-24,173.0,173.67,171.45,173.44,31959415.0,172.626,163158
843,2023-10-25,171.92,173.06,170.65,171.1,37398079.0,171.611,192352
844,2023-10-26,170.43,171.38,165.67,166.89,49518707.0,167.68,263085
845,2023-10-27,166.91,168.96,166.83,168.22,39346316.0,167.858,197501
846,2023-10-30,169.02,171.17,168.87,170.29,36579410.0,170.058,181517
847,2023-10-31,169.27,170.9,167.9,170.77,28971047.0,169.703,139594
848,2023-11-01,171.05,174.23,170.12,173.97,38224244.0,172.341,195799
849,2023-11-02,175.5,177.78,175.46,177.57,45544595.0,177.028,211572
850,2023-11-03,174.24,176.82,173.35,176.65,56096402.0,175.519,254841
851,2023-11-06,176.36,179.43,176.21,179.23,43332852.0,178.544,191155
852,2023-11-07,179.18,182.44,178.97,181.82,45868762.0,181.24,216825
853,2023-11-08,182.41,183.45,181.59,182.89,35294139.0,182.63,165177
854,2023-11-09,182.96,184.12,181.81,182.41,37027098.0,183.009,175229
855,2023-11-10,183.97,186.57,183.53,186.4,40797728.0,185.112,190560
856,2023-11-13,185.77,186.03,184.21,184.8,28575250.0,184.825,133788
857,2023-11-14,187.69,188.11,186.3,187.44,38263286.0,187.296,185778
858,2023-11-15,187.84,189.5,187.78,188.01,34135430.0,188.568,159765
859,2023-11-16,189.53,190.96,188.65,189.71,39381450.0,189.722,185945
860,2023-11-17,190.25,190.38,188.57,189.69,33252170.0,189.571,140629
861,2023-11-20,189.89,191.91,189.88,191.45,30197601.0,191.272,136983
862,2023-11-21,191.46,191.52,189.74,190.64,26024307.0,190.49,126392
863,2023-11-22,191.49,192.93,190.82,191.31,28997260.0,191.798,132876
864,2023-11-24,190.87,190.9,189.25,189.97,16869554.0,189.745,75503
865,2023-11-27,189.91,190.67,188.9,189.79,24406092.0,189.804,120934
866,2023-11-28,189.78,191.08,189.4,190.4,25974829.0,190.141,132049
867,2023-11-29,190.91,192.09,188.97,189.37,26023528.0,190.215,127653
868,2023-11-30,189.84,190.32,188.19,189.95,26306438.0,189.039,136641
869,2023-12-01,190.33,191.56,189.23,191.24,28330314.0,190.749,140236
870,2023-12-04,189.98,190.05,187.45,189.43,29219762.0,188.797,152674
871,2023-12-05,190.21,194.4,190.18,193.42,46523695.0,193.174,228941
872,2023-12-06,194.45,194.76,192.11,192.32,26334940.0,192.902,142055
873,2023-12-07,193.63,195.0,193.59,194.27,27981393.0,194.453,143727
874,2023-12-08,194.08,195.99,193.67,195.71,32380166.0,195.021,157520
875,2023-12-11,193.22,193.49,191.42,193.18,38429623.0,192.587,208211
876,2023-12-12,192.92,194.72,191.72,194.71,30138188.0,193.459,153308
877,2023-12-13,195.08,198.0,194.85,197.96,45361345.0,196.684,223583
878,2023-12-14,198.01,199.62,196.16,198.11,45256860.0,198.326,218257
879,2023-12-15,197.53,198.4,197.0,197.57,49384170.0,197.577,190638
880,2023-12-18,196.11,196.63,194.39,195.89,34182739.0,195.465,176467
881,2023-12-19,196.15,196.95,195.89,196.94,23052074.0,196.381,114648
882,2023-12-20,196.86,197.68,194.83,194.83,31457688.0,196.611,165096
883,2023-12-21,196.13,197.08,193.5,194.68,30799952.0,194.742,159763
884,2023-12-22,195.17,195.41,192.97,193.6,25585126.0,194.187,132176
885,2023-12-26,193.61,193.89,192.83,193.05,19653316.0,193.192,100087
886,2023-12-27,192.49,193.5,191.09,193.15,30849812.0,192.416,145211
887,2023-12-28,194.09,194.66,193.17,193.58,23169409.0,193.984,119951
888,2023-12-29,193.88,194.4,191.72,192.53,25228963.0,192.592,134121
889,2024-01-02,187.17,188.44,183.88,185.64,53279235.0,185.883,253315
890,2024-01-03,184.29,185.88,183.43,184.25,37312996.0,184.333,187475
891,2024-01-04,182.17,183.09,180.88,181.91,45414756.0,182.032,210112
892,2024-01-05,181.94,182.76,180.17,181.18,42239191.0,181.536,200498
893,2024-01-08,182.14,185.6,181.5,185.56,35168928.0,184.034,168607
894,2024-01-09,183.92,185.15,182.73,185.14,27547611.0,184.177,144351
895,2024-01-10,184.31,186.4,183.92,186.19,29786955.0,185.012,153012
896,2024-01-11,186.54,187.05,183.62,185.59,31492172.0,184.919,168334
897,2024-01-12,186.05,186.74,185.19,185.92,25045890.0,185.793,130367
898,2024-01-16,182.25,184.26,180.93,183.63,39911564.0,182.679,210579
899,2024-01-17,181.33,182.93,180.3,182.68,32890633.0,181.791,174869
900,2024-01-18,186.19,189.14,185.83,188.63,53267878.0,187.878,261716
901,2024-01-19,189.4,191.95,188.82,191.56,43745144.0,190.411,214154
902,2024-01-22,192.29,195.33,192.27,193.89,39435081.0,194.025,205861
903,2024-01-23,195.01,195.75,193.82,195.18,29546397.0,194.775,159280
904,2024-01-24,195.41,196.38,194.34,194.5,34128125.0,195.362,181985
905,2024-01-25,195.22,196.27,193.11,194.17,36888369.0,194.867,210351
906,2024-01-26,194.26,194.76,191.94,192.42,28758985.0,193.28,151888
907,2024-01-29,192.01,192.2,189.58,191.73,28291420.0,191.18,141996
908,2024-01-30,190.95,191.8,187.47,188.04,38485121.0,188.92,184325
909,2024-01-31,187.13,187.15,184.4,184.4,32401413.0,185.625,171513
910,2024-02-01,184.01,186.95,183.81,186.86,34693782.0,185.905,180650
911,2024-02-02,179.87,187.33,179.25,185.85,68467141.0,184.718,336404
912,2024-02-05,188.13,189.25,185.84,187.68,45029472.0,187.783,212948
913,2024-02-06,186.9,189.31,186.76,189.3,28955479.0,188.37,135877
914,2024-02-07,190.61,191.05,188.61,189.41,34027742.0,189.354,164824
915,2024-02-08,189.35,189.54,187.35,188.32,27107545.0,188.296,136322
916,2024-02-09,188.64,189.99,188.0,188.85,30605293.0,189.047,160010
917,2024-02-12,188.44,188.67,186.79,187.15,26279659.0,187.701,126126
918,2024-02-13,185.8,186.21,183.51,185.04,33179215.0,184.953,175280
919,2024-02-14,185.32,185.53,182.44,184.15,34581979.0,183.492,174498
920,2024-02-15,183.5,184.49,181.35,183.86,41726269.0,182.533,204347
921,2024-02-16,183.42,184.85,181.66,182.31,31569856.0,182.823,151300
922,2024-02-20,181.77,182.43,180.0,181.56,32238666.0,180.944,164537
923,2024-02-21,181.94,182.89,180.66,182.32,26528379.0,181.91,133119
924,2024-02-22,183.55,184.96,182.46,184.37,32661400.0,183.727,166941
925,2024-02-23,185.01,185.05,182.23,182.52,27612204.0,183.101,142243
926,2024-02-26,182.33,182.76,180.65,181.16,26907748.0,181.346,129946
927,2024-02-27,181.09,183.93,179.56,182.63,39483990.0,181.732,188613
928,2024-02-28,182.57,183.12,180.13,181.42,34926079.0,181.11,160854
929,2024-02-29,181.26,182.57,179.53,180.75,49571475.0,180.617,262931
930,2024-03-01,179.57,180.53,177.38,179.66,52233422.0,178.945,244862
931,2024-03-04,176.14,176.9,173.79,175.1,56421441.0,174.809,280891
932,2024-03-05,170.76,172.04,169.64,170.12,62166306.0,170.339,296961
933,2024-03-06,171.11,171.24,168.68,169.12,45607764.0,169.586,228298
934,2024-03-07,169.12,170.73,168.49,169.0,48235740.0,169.437,229992
935,2024-03-08,168.98,173.7,168.94,170.73,55242483.0,171.657,287887
936,2024-03-11,172.98,174.38,172.05,172.75,39718783.0,172.986,219741
937,2024-03-12,173.19,174.03,171.01,173.23,38749087.0,172.787,213465
938,2024-03-13,172.88,173.19,170.76,171.13,32769529.0,171.394,176666
939,2024-03-14,173.0,174.31,172.05,173.0,48925668.0,173.124,267425
940,2024-03-15,171.17,172.62,170.28,172.62,53168815.0,171.241,236615
941,2024-03-18,175.57,177.71,173.52,173.72,47457668.0,175.923,242294
942,2024-03-19,174.34,176.61,173.03,176.08,33654282.0,175.299,179146
943,2024-03-20,175.72,178.67,175.09,178.67,34595017.0,176.948,177814
944,2024-03-21,177.05,177.49,170.84,171.37,76625123.0,172.858,349883
945,2024-03-22,171.69,173.05,170.06,172.28,45033414.0,172.041,208548
946,2024-03-25,170.57,171.94,169.45,170.85,35807471.0,170.684,182110
947,2024-03-26,170.02,171.42,169.58,169.71,36024422.0,170.493,184457
948,2024-03-27,170.39,173.6,170.11,173.31,39222940.0,172.431,204834
949,2024-03-28,171.71,172.23,170.51,171.48,38371850.0,171.322,191143
950,2024-04-01,171.14,171.25,169.47,170.03,29782807.0,170.073,144161
951,2024-04-02,169.08,169.34,168.23,168.84,29687197.0,168.91,146579
952,2024-04-03,168.79,170.68,168.58,169.65,30257441.0,169.905,152771
953,2024-04-04,170.33,171.92,168.82,168.82,35392217.0,170.355,182482
954,2024-04-05,169.59,170.39,168.95,169.58,26712604.0,169.659,130230
955,2024-04-08,168.99,169.2,168.24,168.45,24370203.0,168.708,113286
956,2024-04-09,168.77,170.08,168.35,169.67,30262562.0,169.089,141477
957,2024-04-10,168.8,169.09,167.11,167.78,32749366.0,168.001,150392
958,2024-04-11,168.28,175.46,168.16,175.04,62644878.0,172.376,273347
959,2024-04-12,174.26,178.36,174.21,176.55,74376299.0,176.357,343413
960,2024-04-15,175.36,176.63,172.5,172.69,47490684.0,174.424,242954
961,2024-04-16,171.75,173.76,168.27,169.38,51750621.0,170.131,253191
962,2024-04-17,169.56,170.65,168.0,168.0,31488759.0,169.148,147617
963,2024-04-18,168.07,168.64,166.55,167.04,28787187.0,167.465,130306
964,2024-04-19,166.24,166.4,164.07,165.0,43133678.0,165.176,197970
965,2024-04-22,165.57,167.26,164.77,165.84,29420692.0,165.963,139470
966,2024-04-23,165.31,167.05,164.95,166.9,29160825.0,166.416,144510
967,2024-04-24,166.46,169.3,166.21,169.02,31088099.0,168.328,161013
968,2024-04-25,169.54,170.61,168.15,169.89,33579769.0,169.363,174938
969,2024-04-26,169.83,171.34,169.18,169.3,29394682.0,170.133,146222
970,2024-04-29,173.37,176.03,173.1,173.5,44121526.0,174.575,212508
971,2024-04-30,173.2,174.99,170.02,170.33,33202497.0,172.991,166409
972,2024-05-01,169.58,172.71,169.11,169.3,30856797.0,171.004,154952
973,2024-05-02,172.43,173.42,170.89,173.03,45199179.0,172.376,218435
974,2024-05-03,186.65,187.0,182.66,183.38,109233902.0,184.688,500437
975,2024-05-06,182.4,184.2,180.42,181.71,54178473.0,181.855,250398
976,2024-05-07,183.48,184.9,181.32,182.4,50873295.0,182.881,224453
977,2024-05-08,182.85,183.07,181.45,182.74,29903370.0,182.416,142013
978,2024-05-09,182.57,184.66,182.11,184.57,33153910.0,183.893,144471
979,2024-05-10,184.92,185.09,182.13,183.05,33127847.0,183.097,149279
980,2024-05-13,185.5,187.1,184.62,186.28,47903079.0,186.185,207640
981,2024-05-14,187.59,188.3,186.29,187.43,29492691.0,187.231,137661
982,2024-05-15,187.83,190.65,187.37,189.72,45332147.0,189.694,210664
983,2024-05-16,190.44,191.1,189.66,189.84,32651640.0,190.194,152660
984,2024-05-17,189.53,190.81,189.18,189.87,25626968.0,189.951,110365
985,2024-05-20,189.33,191.92,189.01,191.04,26683911.0,191.095,125176
986,2024-05-21,191.09,192.73,190.92,192.35,26208821.0,192.239,118591
987,2024-05-22,192.38,192.83,190.27,190.9,21461104.0,191.577,105565
988,2024-05-23,190.98,191.01,186.62,186.88,30062458.0,188.581,153719
989,2024-05-24,188.82,190.58,188.04,189.98,23580202.0,189.67,114614
990,2024-05-28,191.51,193.0,189.1,189.99,33347373.0,190.908,157749
991,2024-05-29,189.67,192.25,189.51,190.29,33475688.0,191.294,155680
992,2024-05-30,190.78,192.18,190.63,191.29,30722521.0,191.443,154753
993,2024-05-31,191.36,192.57,189.91,192.25,33815061.0,191.287,162878
994,2024-06-03,193.01,194.99,192.52,194.03,33891860.0,193.758,166536
995,2024-06-04,194.61,195.32,193.03,194.35,28346336.0,194.282,138980
996,2024-06-05,195.44,196.9,194.87,195.87,34561156.0,195.885,173301
997,2024-06-06,195.67,196.5,194.17,194.48,26750244.0,195.488,139692
998,2024-06-07,194.65,196.94,194.14,196.89,36448348.0,195.802,180591
999,2024-06-10,196.88,197.3,192.15,193.12,71535967.0,194.53,320055
1000,2024-06-11,193.69,207.16,193.63,207.15,129872109.0,202.867,551933
1001,2024-06-12,207.37,220.2,206.9,213.07,151273417.0,215.604,637366
1002,2024-06-13,214.74,216.75,211.6,214.24,63897707.0,214.004,304860
1003,2024-06-14,213.82,215.17,211.3,212.49,45296065.0,212.761,210294
1004,2024-06-17,213.36,218.95,212.72,216.67,63724763.0,216.406,319198
1005,2024-06-18,217.61,218.63,213.0,214.29,54635773.0,214.806,254767
1006,2024-06-20,213.96,214.24,208.85,209.68,55790688.0,210.749,286003
1007,2024-06-21,210.45,211.89,207.11,207.49,67962787.0,210.132,273780
1008,2024-06-24,207.67,212.7,206.59,208.14,51311575.0,209.674,251189
1009,2024-06-25,209.14,211.38,208.61,209.07,30860792.0,209.972,153280
1010,2024-06-26,211.5,214.86,210.64,213.25,41215368.0,213.165,204747
1011,2024-06-27,214.7,215.74,212.35,214.1,31916744.0,213.895,158387
1012,2024-06-28,215.79,216.07,210.3,210.62,42812041.0,213.6,205704
1013,2024-07-01,212.09,217.51,211.92,216.75,43395188.0,215.364,207783
1014,2024-07-02,216.15,220.38,215.1,220.27,38318670.0,218.974,174454
1015,2024-07-03,220.0,221.55,219.03,221.55,25362271.0,220.533,120553
1016,2024-07-05,221.65,226.45,221.65,226.34,40038555.0,224.698,188595
1017,2024-07-08,227.09,227.85,223.25,227.82,38367674.0,226.066,175968
1018,2024-07-09,227.88,229.4,226.37,228.68,31884331.0,228.147,151612
1019,2024-07-10,229.27,233.08,229.25,232.98,43471626.0,231.474,200041
1020,2024-07-11,231.21,232.39,225.77,227.57,41465091.0,228.58,206504
1021,2024-07-12,228.92,232.64,228.68,230.54,34735232.0,231.14,156120
1022,2024-07-15,236.47,237.23,233.09,234.4,38259399.0,235.007,176986
1023,2024-07-16,235.0,236.27,232.33,234.82,25550094.0,234.26,119039
1024,2024-07-17,229.46,231.46,226.64,228.88,35208308.0,228.799,176700
1025,2024-07-18,230.14,230.44,222.27,224.18,40368992.0,225.287,205411
1026,2024-07-19,224.84,226.8,223.27,224.31,30016556.0,224.836,140520
1027,2024-07-22,226.99,227.78,223.09,223.96,28150939.0,225.241,133074
1028,2024-07-23,224.37,226.94,222.68,225.01,22830815.0,225.015,108282
1029,2024-07-24,224.06,224.8,217.13,218.54,35903732.0,219.215,175043
1030,2024-07-25,218.87,220.85,214.62,217.49,33938088.0,218.229,175648
1031,2024-07-26,218.69,219.49,216.01,217.96,26029067.0,217.869,133107
1032,2024-07-29,216.96,219.3,215.75,218.24,23624190.0,218.129,110504
1033,2024-07-30,219.2,220.33,216.12,218.8,24927200.0,218.359,118681
1034,2024-07-31,221.44,223.82,220.63,222.08,27777929.0,222.459,148018
1035,2024-08-01,224.37,224.48,217.02,218.36,33073634.0,219.839,174182
1036,2024-08-02,219.15,225.6,217.71,219.86,62331422.0,222.551,316156
1037,2024-08-05,199.09,213.5,196.21,209.27,73239907.0,208.037,368128
1038,2024-08-06,205.31,209.99,201.07,207.23,42151560.0,206.478,213867
1039,2024-08-07,206.94,213.64,206.39,209.82,35552141.0,211.214,181583
1040,2024-08-08,213.11,214.2,208.83,213.31,27204963.0,212.41,142382
1041,2024-08-09,212.1,216.78,211.97,216.24,25382217.0,215.013,127286
1042,2024-08-12,216.14,219.51,215.6,217.53,23230152.0,217.554,117726
1043,2024-08-13,219.06,221.89,219.01,221.27,22666324.0,220.917,113746
1044,2024-08-14,220.42,223.03,219.7,221.72,23924019.0,221.454,122987
1045,2024-08-15,224.49,225.35,222.76,224.72,23312973.0,224.48,120345
1046,2024-08-16,223.78,226.83,223.65,226.05,22316376.0,225.285,106320
1047,2024-08-19,225.67,225.99,223.04,225.89,21320233.0,224.552,113056
1048,2024-08-20,225.75,227.17,225.45,226.51,16813068.0,226.548,86643
1049,2024-08-21,226.51,227.98,225.22,226.4,19031932.0,226.463,100172
1050,2024-08-22,227.77,228.34,223.9,224.53,22241199.0,225.903,124211
1051,2024-08-23,225.79,228.22,224.33,226.84,21084281.0,226.494,111013
1052,2024-08-26,226.76,227.28,223.89,227.18,17012188.0,225.837,91657
1053,2024-08-27,226.0,228.85,224.89,228.03,19556392.0,227.698,98868
1054,2024-08-28,227.92,229.86,225.68,226.49,22189191.0,227.698,118842
1055,2024-08-29,230.1,232.92,228.88,229.79,33023558.0,231.18,166415
1056,2024-08-30,230.19,230.4,227.48,229.0,24976455.0,228.832,126270
1057,2024-09-03,228.62,229.0,221.17,222.77,27801502.0,224.005,155415
1058,2024-09-04,221.7,221.78,217.48,220.85,27592088.0,219.774,143002
1059,2024-09-05,221.73,225.48,221.52,222.38,21551257.0,223.325,115873
1060,2024-09-06,224.0,225.24,219.77,220.82,26076136.0,221.99,133478
1061,2024-09-09,220.83,221.27,216.71,220.91,44734145.0,219.098,222732
1062,2024-09-10,218.9,221.48,216.73,220.11,31111473.0,219.399,153113
1063,2024-09-11,221.49,223.09,217.89,222.66,25706023.0,220.89,137645
1064,2024-09-12,222.51,223.55,219.82,222.77,22072947.0,222.276,119866
1065,2024-09-13,223.61,224.04,221.91,222.5,21515405.0,223.015,115579
1066,2024-09-16,216.52,217.22,213.92,216.32,37793399.0,215.811,192307
1067,2024-09-17,215.75,216.9,214.5,216.79,27069463.0,216.077,144080
1068,2024-09-18,217.55,222.71,217.54,220.69,36949401.0,220.4,196675
1069,2024-09-19,225.0,229.82,224.63,228.87,39418891.0,228.306,185277
1070,2024-09-20,229.97,233.09,227.62,228.2,74583167.0,230.547,309331
1071,2024-09-23,227.34,229.45,225.81,226.47,26221687.0,227.201,129763
1072,2024-09-24,228.59,229.35,225.73,227.37,17350217.0,227.16,92087
1073,2024-09-25,225.01,227.29,224.02,226.37,21355237.0,225.626,105913
1074,2024-09-26,227.31,228.5,225.41,227.52,18748888.0,227.171,95035
1075,2024-09-27,228.48,229.52,227.3,227.79,16596912.0,228.317,85004
1076,2024-09-30,230.04,233.0,229.65,233.0,26974970.0,231.715,128969
1077,2024-10-01,229.52,229.66,223.74,226.21,34814854.0,225.815,164873
1078,2024-10-02,225.89,227.37,223.02,226.78,20692888.0,225.91,89291
1079,2024-10-03,225.14,226.81,223.32,225.67,19585378.0,224.853,90918
1080,2024-10-04,227.9,228.0,224.13,226.8,19917855.0,225.597,92306
1081,2024-10-07,224.49,225.69,221.33,221.69,20405891.0,223.866,89987
1082,2024-10-08,224.25,225.98,223.25,225.77,17314641.0,225.018,81377
1083,2024-10-09,225.31,229.75,224.83,229.54,19486911.0,227.983,87202
1084,2024-10-10,227.8,229.5,227.17,229.04,14101451.0,228.387,67261
1085,2024-10-11,229.49,229.5,227.34,227.55,17332215.0,228.166,81997
1086,2024-10-14,228.7,231.73,228.6,231.3,18555324.0,230.554,91725
1087,2024-10-15,233.6,237.49,232.37,233.85,35033474.0,235.076,174247
1088,2024-10-16,231.71,232.12,229.84,231.78,20033352.0,230.885,95144
1089,2024-10-17,233.43,233.85,230.52,232.15,15724534.0,232.029,81033
1090,2024-10-18,236.18,236.18,234.01,235.0,25975087.0,235.299,104184
1091,2024-10-21,234.5,236.85,234.45,236.48,16193625.0,235.832,81027
1092,2024-10-22,233.88,236.22,232.6,235.86,17945634.0,234.456,82539
1093,2024-10-23,234.13,235.15,227.76,230.76,31601501.0,231.208,159879
1094,2024-10-24,229.98,230.82,228.41,230.57,16618148.0,229.904,81296
1095,2024-10-25,229.74,233.22,229.57,231.41,19223991.0,231.84,97286
1096,2024-10-28,233.34,234.73,232.55,233.4,17309209.0,233.75,86957
1097,2024-10-29,233.26,234.33,232.32,233.67,15878793.0,233.582,78464
1098,2024-10-30,232.63,233.23,229.55,230.1,22340728.0,231.122,115059
1099,2024-10-31,229.51,229.83,225.37,225.91,27401002.0,227.561,138766
1100,2024-11-01,221.0,225.35,220.27,222.91,36640900.0,222.794,169127
1101,2024-11-04,220.93,222.79,219.72,222.01,19530351.0,221.688,103325
1102,2024-11-05,221.8,223.95,221.14,223.45,15892199.0,223.02,84058
1103,2024-11-06,222.58,226.07,221.19,222.72,28869825.0,224.111,150763
1104,2024-11-07,224.63,227.88,224.57,227.48,21768115.0,226.554,111856
1105,2024-11-08,227.17,228.66,226.4,226.96,17128740.0,227.337,90411
1106,2024-11-11,224.99,225.7,221.5,224.23,23999572.0,223.242,123308
1107,2024-11-12,224.43,225.59,223.35,224.23,19864507.0,224.421,101274
1108,2024-11-13,224.01,226.65,222.76,225.12,20544396.0,224.856,107927
1109,2024-11-14,225.11,228.87,225.0,228.22,22330857.0,227.195,121920
1110,2024-11-15,225.7,226.92,224.27,225.0,21996750.0,225.2,108941
1111,2024-11-18,225.22,229.74,225.17,228.02,18581033.0,228.051,102878
1112,2024-11-19,226.65,230.16,226.65,228.28,16910837.0,228.782,87896
1113,2024-11-20,228.06,229.93,225.89,229.0,16182979.0,227.632,89085
1114,2024-11-21,228.85,230.16,225.71,228.52,22138570.0,228.408,113201
1115,2024-11-22,228.29,230.72,228.06,229.87,19966208.0,229.643,101075
1116,2024-11-25,231.45,233.25,229.74,232.87,26892705.0,231.728,135299
1117,2024-11-26,233.35,235.57,233.33,235.06,23333529.0,234.755,124956
1118,2024-11-27,234.44,235.69,233.81,234.93,16560530.0,234.746,86202
1119,2024-11-29,234.84,237.81,233.97,237.33,13507648.0,236.223,64940
1120,2024-12-02,237.27,240.79,237.16,239.59,22135929.0,239.498,108182
1121,2024-12-03,239.82,242.76,238.9,242.65,21010452.0,241.321,105074
1122,2024-12-04,242.87,244.11,241.25,243.01,20150972.0,242.929,103589
1123,2024-12-05,243.99,244.54,242.13,243.04,18736848.0,243.059,96163
1124,2024-12-06,242.91,244.63,242.08,242.84,19201673.0,243.345,94446
1125,2024-12-09,241.9,247.24,241.75,246.75,23971474.0,245.794,120749
1126,2024-12-10,246.91,248.21,245.34,247.77,19302261.0,247.091,103345
1127,2024-12-11,247.94,250.8,246.26,246.49,23651713.0,248.697,111738
1128,2024-12-12,246.89,248.74,245.68,247.96,15319612.0,247.701,80154
1129,2024-12-13,247.84,249.3,246.24,248.13,15962883.0,247.595,86662
1130,2024-12-16,247.99,251.38,247.65,251.04,19814176.0,250.034,101924
1131,2024-12-17,250.19,253.83,249.78,253.48,23241118.0,252.696,125574
1132,2024-12-18,252.16,254.28,247.74,248.05,28089652.0,251.649,154469
1133,2024-12-19,247.48,252.0,247.09,249.79,25706735.0,249.911,147633
1134,2024-12-20,248.04,255.0,245.69,254.49,39552831.0,251.119,155783
1135,2024-12-23,254.77,255.65,253.45,255.27,20237606.0,254.515,110663
1136,2024-12-24,255.49,258.21,255.29,258.2,11296761.0,257.222,53686
1137,2024-12-26,258.19,260.03,257.63,259.02,16342667.0,258.906,75873
1138,2024-12-27,257.83,258.7,253.06,255.59,22771841.0,255.127,125063
1139,2024-12-30,252.22,253.5,250.75,252.2,18333313.0,252.237,92061
1140,2024-12-31,252.44,253.28,249.43,250.42,18897800.0,250.841,100554
1141,2025-01-02,248.93,249.1,241.82,243.85,34311269.0,244.411,169095
1142,2025-01-03,243.4,244.18,241.89,243.36,23299547.0,243.006,107654
1143,2025-01-06,244.36,247.33,243.2,245.0,21345363.0,245.339,104686
1144,2025-01-07,242.7,245.55,241.35,242.21,20839538.0,243.274,100854
1145,2025-01-08,241.92,243.72,240.05,242.7,19196596.0,242.131,95979
1146,2025-01-10,240.0,240.16,233.0,236.85,33481119.0,236.475,168819
1147,2025-01-13,233.65,234.67,229.77,234.4,27109788.0,232.117,131773
1148,2025-01-14,234.75,236.12,232.47,233.28,19814621.0,234.157,107720
1149,2025-01-15,234.73,238.96,234.43,237.87,20466879.0,237.476,104214
1150,2025-01-16,237.32,238.01,228.03,228.26,43951332.0,230.999,219124
1151,2025-01-17,232.12,232.29,228.48,229.98,40901029.0,230.671,150176
1152,2025-01-21,224.0,224.42,219.38,222.64,56496450.0,221.314,265418
1153,2025-01-22,219.75,224.12,219.75,223.83,34849914.0,222.451,157464
1154,2025-01-23,224.73,227.03,222.3,223.66,34422904.0,224.301,156039
1155,2025-01-24,224.78,225.63,221.41,222.78,31809304.0,223.182,150399
1156,2025-01-27,224.02,232.15,223.98,229.86,54507674.0,228.857,272980
1157,2025-01-28,230.84,240.19,230.81,238.26,44379063.0,237.426,211206
1158,2025-01-29,234.12,239.86,234.01,239.36,26388668.0,237.099,133903
1159,2025-01-30,238.67,240.79,237.21,237.59,25244336.0,238.849,128243
1160,2025-01-31,247.09,247.19,233.44,236.0,55123227.0,239.298,254375
1161,2025-02-03,230.0,231.83,225.7,228.01,44021552.0,228.172,215856
1162,2025-02-04,227.25,233.13,226.65,232.8,25058543.0,230.895,126289
1163,2025-02-05,228.53,232.67,228.27,232.47,20449875.0,230.314,105563
1164,2025-02-06,231.32,233.8,230.42,233.22,16237765.0,232.145,83308
1165,2025-02-07,232.54,234.0,227.26,227.63,22173050.0,229.554,117770
1166,2025-02-10,229.52,230.59,227.2,227.65,16324716.0,228.833,85783
1167,2025-02-11,228.2,235.23,228.13,232.62,29100164.0,232.75,148594
1168,2025-02-12,231.12,236.96,230.68,236.87,24130243.0,234.595,138689
1169,2025-02-13,236.91,242.34,235.57,241.53,28122714.0,239.92,143697
1170,2025-02-14,241.21,245.35,240.99,244.6,23581090.0,243.951,125198
1171,2025-02-18,244.15,245.18,241.84,244.47,21465678.0,243.942,115535
1172,2025-02-19,244.66,246.01,243.16,244.87,16915146.0,244.654,90939
1173,2025-02-20,244.94,246.78,244.29,245.83,19064874.0,245.604,102816
1174,2025-02-21,246.01,248.69,245.22,245.55,28716437.0,246.568,144391
1175,2025-02-24,245.0,248.86,244.42,247.1,27787509.0,247.353,157395
1176,2025-02-25,248.0,250.0,244.91,247.04,27644733.0,247.641,153691
1177,2025-02-26,244.38,244.98,239.13,240.36,26055507.0,241.868,156766
1178,2025-02-27,239.61,242.46,237.06,237.3,20520636.0,239.998,120829
1179,2025-02-28,236.98,242.09,233.74,241.84,25233865.0,238.107,152442
1180,2025-03-03,241.81,244.03,236.11,238.03,24769630.0,240.482,143871
1181,2025-03-04,237.71,240.07,234.68,235.93,30530420.0,237.953,174656
1182,2025-03-05,235.43,236.55,229.23,235.74,26940242.0,233.477,148452
1183,2025-03-06,234.44,237.86,233.33,235.33,26407216.0,235.291,152498
1184,2025-03-07,235.17,241.37,234.76,239.07,30095115.0,238.924,177529
1185,2025-03-10,235.5,236.16,224.22,227.48,43234197.0,227.65,258650
1186,2025-03-11,223.82,225.84,217.45,220.84,44974442.0,221.144,242887
1187,2025-03-12,220.14,221.75,214.91,216.98,38748044.0,217.704,204102
1188,2025-03-13,215.94,216.84,208.42,209.68,38870537.0,212.393,206792
1189,2025-03-14,211.25,213.95,209.58,213.49,35431205.0,212.251,186104
1190,2025-03-17,213.31,215.22,210.0,214.0,27817291.0,213.021,143192
1191,2025-03-18,214.15,215.15,211.49,212.69,24692713.0,213.202,141920
1192,2025-03-19,214.09,218.76,213.75,215.24,28760698.0,215.764,156156
1193,2025-03-20,213.81,217.49,212.22,214.1,26158446.0,214.533,142644
1194,2025-03-21,211.51,218.84,211.28,218.27,36345830.0,214.284,149030
1195,2025-03-24,221.0,221.48,218.58,220.73,24160782.0,219.868,127665
1196,2025-03-25,220.77,224.1,220.08,223.75,19719670.0,222.93,104652
1197,2025-03-26,223.51,225.02,220.47,221.53,19730872.0,222.811,111484
1198,2025-03-27,221.39,224.99,220.56,223.85,19494683.0,223.219,107099
1199,2025-03-28,221.73,223.81,217.68,217.9,22273732.0,219.796,125527
1200,2025-03-31,217.2,225.62,216.23,222.13,32521427.0,219.994,186453
1201,2025-04-01,219.76,223.68,218.9,223.19,19998136.0,222.091,116605
1202,2025-04-02,221.35,225.19,221.02,223.89,18595157.0,223.739,100778
1203,2025-04-03,205.53,207.49,201.25,203.19,61468823.0,204.139,337122
1204,2025-04-04,193.92,199.88,187.34,188.38,74838788.0,193.141,410005
1205,2025-04-07,177.21,194.15,174.72,181.46,102060761.0,180.365,569010
1206,2025-04-08,186.53,190.34,169.21,172.42,73777164.0,180.109,411060
1207,2025-04-09,172.06,200.61,171.89,198.85,116322379.0,186.645,644995
1208,2025-04-10,189.06,194.78,183.0,190.42,68241467.0,189.792,413327
1209,2025-04-11,186.1,199.54,186.06,198.15,53770920.0,195.259,296497
1210,2025-04-14,211.43,212.94,201.16,202.52,66414971.0,205.667,338308
1211,2025-04-15,201.76,203.51,199.8,202.14,29238300.0,202.195,165203
1212,2025-04-16,198.36,200.7,192.37,194.27,35896165.0,196.215,200071
1213,2025-04-17,197.02,198.84,194.42,196.98,29851913.0,196.876,153473
1214,2025-04-21,193.31,193.8,189.81,193.16,23372077.0,191.611,128003
1215,2025-04-22,196.0,201.59,195.97,199.74,29453698.0,199.095,152437
1216,2025-04-23,205.99,208.0,202.79,204.6,30477438.0,205.506,168361
1217,2025-04-24,204.94,208.83,202.94,208.37,21891409.0,206.48,125126
1218,2025-04-25,206.35,209.75,206.2,209.28,19849830.0,208.137,108878
1219,2025-04-28,210.06,211.5,207.46,210.14,19037050.0,209.496,101542
1220,2025-04-29,208.8,212.24,208.37,211.21,16647114.0,210.941,91661
1221,2025-04-30,209.26,213.58,206.67,212.5,20863441.0,210.563,109876
1222,2025-05-01,208.9,214.56,208.9,213.32,26794399.0,212.25,140383
1223,2025-05-02,206.09,206.99,202.16,205.35,58989850.0,204.711,296603
1224,2025-05-05,203.1,204.1,198.21,198.89,38079557.0,199.884,176309
1225,2025-05-06,198.17,200.65,197.02,198.51,26765829.0,198.944,137264
1226,2025-05-07,199.11,199.44,193.25,196.25,35806508.0,195.767,176914
1227,2025-05-08,197.73,200.05,194.67,197.49,28596522.0,197.856,148827
1228,2025-05-09,199.0,200.54,197.53,198.53,21648319.0,198.764,101953
1229,2025-05-12,210.93,211.26,206.75,210.79,37355661.0,209.414,177749
1230,2025-05-13,210.37,213.4,209.0,212.93,27973594.0,211.606,133838
1231,2025-05-14,212.43,213.94,210.58,212.33,26654783.0,212.261,139831
1232,2025-05-15,210.89,212.96,209.54,211.45,25683123.0,211.27,137729
1233,2025-05-16,212.42,212.57,209.77,211.26,23530503.0,211.33,110809
1234,2025-05-19,207.78,209.48,204.26,208.78,26756901.0,207.322,147380
1235,2025-05-20,207.67,208.47,205.03,206.86,23605310.0,207.032,126482
1236,2025-05-21,205.17,207.04,200.71,202.09,37402809.0,203.65,210853
1237,2025-05-22,200.71,202.75,199.78,201.36,29211575.0,201.392,156961
1238,2025-05-23,193.67,197.7,193.46,195.27,48789980.0,196.006,247657
1239,2025-05-27,198.29,200.74,197.43,200.21,33513368.0,199.389,179785
1240,2025-05-28,200.53,202.73,199.9,200.42,23926798.0,200.937,131393
1241,2025-05-29,203.49,203.81,198.51,199.95,30411817.0,200.453,158364
1242,2025-05-30,199.39,201.96,196.78,200.85,28569554.0,199.318,157683
1243,2025-06-02,200.28,202.13,200.12,201.7,19744280.0,201.106,114789
1244,2025-06-03,201.35,203.77,200.95,203.27,23886947.0,202.694,134893
1245,2025-06-04,202.97,206.24,202.1,202.82,26294653.0,203.85,143279
1246,2025-06-05,203.56,204.75,200.15,200.63,28594150.0,202.311,164794
1247,2025-06-06,203.0,205.7,202.05,203.92,27398721.0,204.156,147901
1248,2025-06-09,204.44,206.0,200.02,201.45,48638919.0,202.631,253344
1249,2025-06-10,200.56,204.35,200.56,202.67,32190207.0,202.524,159441
1250,2025-06-11,203.5,204.5,198.41,198.78,37382618.0,200.697,198458
1251,2025-06-12,199.08,199.68,197.36,199.2,25791782.0,198.55,138452
1252,2025-06-13,199.83,200.37,195.7,196.45,31401929.0,197.094,166954
1253,2025-06-16,197.28,198.69,196.56,198.42,24685057.0,197.764,129953
1254,2025-06-17,197.2,198.39,195.21,195.64,21693432.0,196.719,113264
